# ************************************************************
# Antares - SQL Client
# Version 0.7.27
# 
# https://antares-sql.app/
# https://github.com/antares-sql/antares
# 
# Host: 127.0.0.1 (MySQL Community Server - GPL 9.0.0)
# Database: asisbiom_db
# Generation time: 2024-08-07T14:25:37-03:00
# ************************************************************


/*!40101 SET @OLD_CHARACTER_SET_CLIENT=@@CHARACTER_SET_CLIENT */;
/*!40101 SET @OLD_CHARACTER_SET_RESULTS=@@CHARACTER_SET_RESULTS */;
/*!40101 SET @OLD_COLLATION_CONNECTION=@@COLLATION_CONNECTION */;
SET NAMES utf8mb4;
/*!40014 SET @OLD_FOREIGN_KEY_CHECKS=@@FOREIGN_KEY_CHECKS, FOREIGN_KEY_CHECKS=0 */;
/*!40101 SET @OLD_SQL_MODE=@@SQL_MODE, SQL_MODE='NO_AUTO_VALUE_ON_ZERO' */;
/*!40111 SET @OLD_SQL_NOTES=@@SQL_NOTES, SQL_NOTES=0 */;


# Dump of table alumnos
# ------------------------------------------------------------

DROP TABLE IF EXISTS `alumnos`;

CREATE TABLE `alumnos` (
  `id` int NOT NULL AUTO_INCREMENT,
  `id_curso` int DEFAULT NULL,
  `correo_electronico` varchar(255) DEFAULT NULL,
  `dni` varchar(255) DEFAULT NULL,
  `nombre_completo` varchar(255) DEFAULT NULL,
  `telefono` varchar(255) DEFAULT NULL,
  PRIMARY KEY (`id`),
  KEY `FKn11wuqlj5kvp82j7t0bxj1rg5` (`id_curso`),
  CONSTRAINT `FKn11wuqlj5kvp82j7t0bxj1rg5` FOREIGN KEY (`id_curso`) REFERENCES `cursos` (`id`)
) ENGINE=InnoDB AUTO_INCREMENT=501 DEFAULT CHARSET=utf8mb4 COLLATE=utf8mb4_0900_ai_ci;

LOCK TABLES `alumnos` WRITE;
/*!40000 ALTER TABLE `alumnos` DISABLE KEYS */;

INSERT INTO `alumnos` (`id`, `id_curso`, `correo_electronico`, `dni`, `nombre_completo`, `telefono`) VALUES
	(1, 5, "antoniacraft@quadeebo.com", "33380652", "Antonia Craft", "645598865"),
	(2, 5, "hollandriley@quadeebo.com", "30564296", "Holland Riley", "663016314"),
	(3, 4, "reyesbowen@quadeebo.com", "74885005", "Reyes Bowen", "635367748"),
	(4, 4, "pearlielewis@quadeebo.com", "16627768", "Pearlie Lewis", "675896065"),
	(5, 2, "nolabarnes@quadeebo.com", "94240103", "Nola Barnes", "634097056"),
	(6, 1, "johnstonlittle@quadeebo.com", "82997725", "Johnston Little", "614583776"),
	(7, 1, "floydwells@quadeebo.com", "27364606", "Floyd Wells", "612545092"),
	(8, 5, "maryannnixon@quadeebo.com", "88683030", "Maryann Nixon", "610102238"),
	(9, 6, "boltonwall@quadeebo.com", "59883741", "Bolton Wall", "671124481"),
	(10, 1, "reedcantrell@quadeebo.com", "17766627", "Reed Cantrell", "646833893"),
	(11, 6, "wittatkins@quadeebo.com", "45609071", "Witt Atkins", "698778873"),
	(12, 2, "angelinecarrillo@quadeebo.com", "64323697", "Angeline Carrillo", "627738250"),
	(13, 2, "mccoyhines@quadeebo.com", "76354774", "Mccoy Hines", "659658899"),
	(14, 2, "townsendwelch@quadeebo.com", "76429187", "Townsend Welch", "658599049"),
	(15, 2, "williamsonmcfadden@quadeebo.com", "50554943", "Williamson Mcfadden", "613836026"),
	(16, 5, "cooleyhendrix@quadeebo.com", "27300070", "Cooley Hendrix", "618700343"),
	(17, 1, "liliaboyer@quadeebo.com", "83910588", "Lilia Boyer", "651833344"),
	(18, 6, "phyllispayne@quadeebo.com", "36760722", "Phyllis Payne", "672409360"),
	(19, 4, "shariharrell@quadeebo.com", "35364524", "Shari Harrell", "641527094"),
	(20, 6, "gregoryfigueroa@quadeebo.com", "60184805", "Gregory Figueroa", "633854945"),
	(21, 2, "marciecase@quadeebo.com", "97878213", "Marcie Case", "622842655"),
	(22, 2, "isabellestuart@quadeebo.com", "62145455", "Isabelle Stuart", "622646231"),
	(23, 2, "catalinasnider@quadeebo.com", "78742899", "Catalina Snider", "627824489"),
	(24, 6, "saundrawilder@quadeebo.com", "56468836", "Saundra Wilder", "619191560"),
	(25, 5, "kerrdavid@quadeebo.com", "69208687", "Kerr David", "677212961"),
	(26, 1, "altheamorales@quadeebo.com", "81247035", "Althea Morales", "668378928"),
	(27, 6, "stantonhurst@quadeebo.com", "52560915", "Stanton Hurst", "635137602"),
	(28, 4, "madelinehenderson@quadeebo.com", "41065444", "Madeline Henderson", "682004973"),
	(29, 5, "corrineaustin@quadeebo.com", "29539310", "Corrine Austin", "653658088"),
	(30, 6, "myerscox@quadeebo.com", "54711462", "Myers Cox", "600880697"),
	(31, 5, "marvalindsay@quadeebo.com", "96291332", "Marva Lindsay", "638704891"),
	(32, 1, "gracielaweiss@quadeebo.com", "64895951", "Graciela Weiss", "605965010"),
	(33, 1, "helenkelley@quadeebo.com", "88868709", "Helen Kelley", "640356213"),
	(34, 1, "estellaeaton@quadeebo.com", "63382389", "Estella Eaton", "659717081"),
	(35, 5, "watersromero@quadeebo.com", "61696089", "Waters Romero", "694006260"),
	(36, 6, "bettiewalls@quadeebo.com", "81555710", "Bettie Walls", "612859252"),
	(37, 4, "claudinecannon@quadeebo.com", "12348051", "Claudine Cannon", "613428748"),
	(38, 1, "maciasgay@quadeebo.com", "43232405", "Macias Gay", "603895089"),
	(39, 3, "blackbarnett@quadeebo.com", "13430052", "Black Barnett", "636024708"),
	(40, 5, "laurenramsey@quadeebo.com", "80361673", "Lauren Ramsey", "603855718"),
	(41, 6, "hernandezoneill@quadeebo.com", "57779434", "Hernandez Oneill", "677134720"),
	(42, 4, "verabass@quadeebo.com", "21437845", "Vera Bass", "620147920"),
	(43, 3, "hickmanforbes@quadeebo.com", "55454686", "Hickman Forbes", "612530198"),
	(44, 4, "mcgowanirwin@quadeebo.com", "50820332", "Mcgowan Irwin", "642854708"),
	(45, 6, "vangellison@quadeebo.com", "31595721", "Vang Ellison", "601653822"),
	(46, 4, "maymckinney@quadeebo.com", "55540850", "May Mckinney", "617915547"),
	(47, 6, "aguirrebullock@quadeebo.com", "13835927", "Aguirre Bullock", "650919352"),
	(48, 3, "charlenemccormick@quadeebo.com", "79028006", "Charlene Mccormick", "615888230"),
	(49, 3, "molliegardner@quadeebo.com", "96099732", "Mollie Gardner", "601460695"),
	(50, 4, "lenoramann@quadeebo.com", "81842794", "Lenora Mann", "617521165"),
	(51, 3, "tammigarner@quadeebo.com", "76195613", "Tammi Garner", "661086923"),
	(52, 5, "judyshaffer@quadeebo.com", "73884645", "Judy Shaffer", "663919459"),
	(53, 3, "mcdowellhensley@quadeebo.com", "20841572", "Mcdowell Hensley", "637699166"),
	(54, 3, "strongbenson@quadeebo.com", "84552387", "Strong Benson", "656353046"),
	(55, 5, "jerrymeadows@quadeebo.com", "23192977", "Jerry Meadows", "683504297"),
	(56, 5, "christianroach@quadeebo.com", "98597556", "Christian Roach", "606014822"),
	(57, 3, "ivylester@quadeebo.com", "64210713", "Ivy Lester", "641576121"),
	(58, 5, "ethelmclean@quadeebo.com", "62181413", "Ethel Mclean", "652871284"),
	(59, 3, "christygentry@quadeebo.com", "92577760", "Christy Gentry", "654917445"),
	(60, 2, "maureenlynn@quadeebo.com", "36446546", "Maureen Lynn", "692674540"),
	(61, 3, "sheltonrogers@quadeebo.com", "77705272", "Shelton Rogers", "631585974"),
	(62, 6, "cristinalong@quadeebo.com", "63274017", "Cristina Long", "686046533"),
	(63, 5, "biancamaldonado@quadeebo.com", "92924404", "Bianca Maldonado", "658594639"),
	(64, 4, "palmerholland@quadeebo.com", "84320897", "Palmer Holland", "613096437"),
	(65, 1, "kristenherring@quadeebo.com", "38663658", "Kristen Herring", "688148020"),
	(66, 4, "lorettaruiz@quadeebo.com", "10809432", "Loretta Ruiz", "619313798"),
	(67, 1, "tamarafitzgerald@quadeebo.com", "30256245", "Tamara Fitzgerald", "624747402"),
	(68, 6, "alliefischer@quadeebo.com", "33965070", "Allie Fischer", "664124763"),
	(69, 3, "martinamendez@quadeebo.com", "70197192", "Martina Mendez", "696539729"),
	(70, 3, "victoriafernandez@quadeebo.com", "53615480", "Victoria Fernandez", "661013198"),
	(71, 4, "gallowaylove@quadeebo.com", "21691867", "Galloway Love", "651408590"),
	(72, 6, "loramcdowell@quadeebo.com", "61199336", "Lora Mcdowell", "626938737"),
	(73, 2, "collinsbenton@quadeebo.com", "81671815", "Collins Benton", "688052828"),
	(74, 2, "nancynieves@quadeebo.com", "45675506", "Nancy Nieves", "663804500"),
	(75, 2, "marshbauer@quadeebo.com", "25247992", "Marsh Bauer", "646052346"),
	(76, 1, "orarhodes@quadeebo.com", "75684323", "Ora Rhodes", "693682960"),
	(77, 2, "angelatillman@quadeebo.com", "28054943", "Angela Tillman", "630137778"),
	(78, 6, "suttonhuff@quadeebo.com", "21373199", "Sutton Huff", "609721312"),
	(79, 4, "fredalamb@quadeebo.com", "95507547", "Freda Lamb", "695192524"),
	(80, 5, "elvawalsh@quadeebo.com", "58362352", "Elva Walsh", "625196527"),
	(81, 5, "rosahodge@quadeebo.com", "13011661", "Rosa Hodge", "646718286"),
	(82, 1, "hollyoneal@quadeebo.com", "99709656", "Holly Oneal", "627211528"),
	(83, 1, "herringvaughan@quadeebo.com", "98947681", "Herring Vaughan", "625438514"),
	(84, 2, "colliermorrow@quadeebo.com", "51562696", "Collier Morrow", "676941217"),
	(85, 5, "lupekidd@quadeebo.com", "31999055", "Lupe Kidd", "620025415"),
	(86, 3, "shawnfulton@quadeebo.com", "81623541", "Shawn Fulton", "629453638"),
	(87, 5, "higginselliott@quadeebo.com", "93219771", "Higgins Elliott", "641921527"),
	(88, 6, "mercedeshorn@quadeebo.com", "86668520", "Mercedes Horn", "608624905"),
	(89, 5, "milagrosmoore@quadeebo.com", "77238333", "Milagros Moore", "620580486"),
	(90, 6, "josefinafloyd@quadeebo.com", "76511087", "Josefina Floyd", "665855263"),
	(91, 3, "alvarezford@quadeebo.com", "35301018", "Alvarez Ford", "650362090"),
	(92, 4, "noreeningram@quadeebo.com", "61015505", "Noreen Ingram", "693449398"),
	(93, 6, "pattonmccarthy@quadeebo.com", "84072896", "Patton Mccarthy", "634111113"),
	(94, 4, "angeliaweeks@quadeebo.com", "72134901", "Angelia Weeks", "628297256"),
	(95, 1, "joannalangley@quadeebo.com", "24913607", "Joanna Langley", "682713477"),
	(96, 5, "villarrealalbert@quadeebo.com", "47604170", "Villarreal Albert", "689573992"),
	(97, 5, "maddoxfitzpatrick@quadeebo.com", "95672499", "Maddox Fitzpatrick", "621463719"),
	(98, 6, "pruittcarlson@quadeebo.com", "92437648", "Pruitt Carlson", "680715591"),
	(99, 1, "cortezflowers@quadeebo.com", "88864057", "Cortez Flowers", "692930206"),
	(100, 4, "lindamcmahon@quadeebo.com", "96648024", "Linda Mcmahon", "632821304"),
	(101, 6, "dalebarrera@quadeebo.com", "66025786", "Dale Barrera", "643074134"),
	(102, 6, "josephinebarron@quadeebo.com", "36714192", "Josephine Barron", "600628843"),
	(103, 6, "kristiehart@quadeebo.com", "19395286", "Kristie Hart", "624078301"),
	(104, 1, "serranocabrera@quadeebo.com", "92454887", "Serrano Cabrera", "604506881"),
	(105, 4, "pattidavidson@quadeebo.com", "57004124", "Patti Davidson", "645170627"),
	(106, 2, "hendrixrobinson@quadeebo.com", "39229639", "Hendrix Robinson", "664708962"),
	(107, 6, "hortonaguilar@quadeebo.com", "31335608", "Horton Aguilar", "608321949"),
	(108, 5, "corinesimmons@quadeebo.com", "96171819", "Corine Simmons", "627381297"),
	(109, 4, "rosarivera@quadeebo.com", "66888031", "Rosa Rivera", "661705206"),
	(110, 1, "joycesherman@quadeebo.com", "79519677", "Joyce Sherman", "623541888"),
	(111, 1, "kerryfinch@quadeebo.com", "28377929", "Kerry Finch", "617076885"),
	(112, 5, "meyerdaniel@quadeebo.com", "43122487", "Meyer Daniel", "626827831"),
	(113, 5, "annabellemcclain@quadeebo.com", "71431815", "Annabelle Mcclain", "665237073"),
	(114, 6, "ebonywarner@quadeebo.com", "38338681", "Ebony Warner", "602852347"),
	(115, 1, "sallieroberson@quadeebo.com", "28038567", "Sallie Roberson", "614265087"),
	(116, 4, "mcmillanharper@quadeebo.com", "91663693", "Mcmillan Harper", "607053286"),
	(117, 6, "blackwelltorres@quadeebo.com", "32936933", "Blackwell Torres", "631437232"),
	(118, 5, "mercerbrock@quadeebo.com", "81075437", "Mercer Brock", "673019363"),
	(119, 5, "andersonhicks@quadeebo.com", "37294657", "Anderson Hicks", "602732174"),
	(120, 6, "dorothyball@quadeebo.com", "16212266", "Dorothy Ball", "619548408"),
	(121, 4, "lelarios@quadeebo.com", "93407120", "Lela Rios", "686149729"),
	(122, 4, "sallywhitehead@quadeebo.com", "93385485", "Sally Whitehead", "607124634"),
	(123, 4, "lularosales@quadeebo.com", "48244780", "Lula Rosales", "671344584"),
	(124, 4, "clemonsfrank@quadeebo.com", "46701069", "Clemons Frank", "692634101"),
	(125, 3, "mariettapennington@quadeebo.com", "23391062", "Marietta Pennington", "606674627"),
	(126, 3, "beckerdale@quadeebo.com", "58373504", "Becker Dale", "614176311"),
	(127, 1, "campbellferrell@quadeebo.com", "50130942", "Campbell Ferrell", "614922841"),
	(128, 4, "beckybeach@quadeebo.com", "12442896", "Becky Beach", "668741492"),
	(129, 4, "jennychapman@quadeebo.com", "13900121", "Jenny Chapman", "646694729"),
	(130, 1, "naomirosario@quadeebo.com", "84482291", "Naomi Rosario", "628094599"),
	(131, 4, "thomaslandry@quadeebo.com", "13202792", "Thomas Landry", "698332522"),
	(132, 2, "juanabell@quadeebo.com", "42535418", "Juana Bell", "612643513"),
	(133, 5, "joannemendoza@quadeebo.com", "52588770", "Joanne Mendoza", "667606241"),
	(134, 1, "lambhunter@quadeebo.com", "48638072", "Lamb Hunter", "603351219"),
	(135, 5, "hornharvey@quadeebo.com", "72005039", "Horn Harvey", "638248611"),
	(136, 5, "kellymcmillan@quadeebo.com", "21665104", "Kelly Mcmillan", "617007538"),
	(137, 4, "jewelcaldwell@quadeebo.com", "88775133", "Jewel Caldwell", "656010857"),
	(138, 6, "macdonaldking@quadeebo.com", "73485933", "Macdonald King", "627084612"),
	(139, 4, "noblechandler@quadeebo.com", "50993746", "Noble Chandler", "664390800"),
	(140, 6, "janettecolon@quadeebo.com", "29839021", "Janette Colon", "682335752"),
	(141, 3, "cantrellmcfarland@quadeebo.com", "98907711", "Cantrell Mcfarland", "621695673"),
	(142, 2, "jeanninebryant@quadeebo.com", "77190713", "Jeannine Bryant", "693002899"),
	(143, 5, "carolinaodonnell@quadeebo.com", "13466959", "Carolina Odonnell", "656585804"),
	(144, 1, "mayberry@quadeebo.com", "82813440", "May Berry", "648949056"),
	(145, 2, "curtisclayton@quadeebo.com", "26416093", "Curtis Clayton", "638648004"),
	(146, 3, "glendagilbert@quadeebo.com", "41373234", "Glenda Gilbert", "636549729"),
	(147, 5, "pettyhowell@quadeebo.com", "75606166", "Petty Howell", "673410072"),
	(148, 4, "wardcote@quadeebo.com", "45978890", "Ward Cote", "698772950"),
	(149, 2, "patricehahn@quadeebo.com", "46701795", "Patrice Hahn", "667666948"),
	(150, 6, "baileysanders@quadeebo.com", "39121817", "Bailey Sanders", "606473758"),
	(151, 3, "lilapope@quadeebo.com", "75088778", "Lila Pope", "603029786"),
	(152, 1, "constancesanchez@quadeebo.com", "35826266", "Constance Sanchez", "630920084"),
	(153, 2, "ofeliawiggins@quadeebo.com", "87004241", "Ofelia Wiggins", "658516626"),
	(154, 4, "stevensvelazquez@quadeebo.com", "83891314", "Stevens Velazquez", "681143117"),
	(155, 6, "romerowheeler@quadeebo.com", "78279545", "Romero Wheeler", "692238125"),
	(156, 3, "valeriewade@quadeebo.com", "34629453", "Valerie Wade", "631869275"),
	(157, 4, "lilianmayo@quadeebo.com", "27464380", "Lilian Mayo", "653452254"),
	(158, 5, "foxjones@quadeebo.com", "56203324", "Fox Jones", "642408055"),
	(159, 5, "haleyherman@quadeebo.com", "33441226", "Haley Herman", "606527748"),
	(160, 5, "riosnoble@quadeebo.com", "77348643", "Rios Noble", "620770878"),
	(161, 6, "jimmieburt@quadeebo.com", "98127453", "Jimmie Burt", "660891749"),
	(162, 1, "louellastephenson@quadeebo.com", "18418806", "Louella Stephenson", "670818171"),
	(163, 5, "bridgettharding@quadeebo.com", "99287387", "Bridgett Harding", "684747285"),
	(164, 6, "anthonyalexander@quadeebo.com", "81540792", "Anthony Alexander", "653336707"),
	(165, 4, "jacquelyndillon@quadeebo.com", "49750358", "Jacquelyn Dillon", "696547566"),
	(166, 1, "rowlandhanson@quadeebo.com", "34606698", "Rowland Hanson", "660800998"),
	(167, 5, "simsbutler@quadeebo.com", "88640052", "Sims Butler", "659401833"),
	(168, 5, "conwayrodgers@quadeebo.com", "45695996", "Conway Rodgers", "648905242"),
	(169, 3, "pansyconner@quadeebo.com", "77126916", "Pansy Conner", "632447905"),
	(170, 3, "laverneleon@quadeebo.com", "53181565", "Laverne Leon", "602229705"),
	(171, 3, "williamsblake@quadeebo.com", "34740715", "Williams Blake", "628719822"),
	(172, 6, "bowerscastillo@quadeebo.com", "57435881", "Bowers Castillo", "601707558"),
	(173, 6, "davidsonburks@quadeebo.com", "50142562", "Davidson Burks", "619558303"),
	(174, 5, "alishamoss@quadeebo.com", "91503135", "Alisha Moss", "680175346"),
	(175, 2, "tamekakramer@quadeebo.com", "81982792", "Tameka Kramer", "681565817"),
	(176, 1, "simpsonstanley@quadeebo.com", "13252625", "Simpson Stanley", "601653827"),
	(177, 4, "kellienolan@quadeebo.com", "67486318", "Kellie Nolan", "686226775"),
	(178, 6, "camacholevine@quadeebo.com", "12763576", "Camacho Levine", "629334014"),
	(179, 6, "leannemorris@quadeebo.com", "96860787", "Leanne Morris", "614395349"),
	(180, 5, "rheasargent@quadeebo.com", "11732966", "Rhea Sargent", "676407753"),
	(181, 2, "walshsheppard@quadeebo.com", "44742013", "Walsh Sheppard", "619034491"),
	(182, 2, "baxterrichards@quadeebo.com", "59833430", "Baxter Richards", "611009581"),
	(183, 5, "ramonaratliff@quadeebo.com", "84371616", "Ramona Ratliff", "650589335"),
	(184, 5, "carmengriffin@quadeebo.com", "78236473", "Carmen Griffin", "641840811"),
	(185, 5, "elvirakerr@quadeebo.com", "60859199", "Elvira Kerr", "644318515"),
	(186, 6, "pagerobles@quadeebo.com", "47317593", "Page Robles", "607924714"),
	(187, 1, "clarissabender@quadeebo.com", "25372692", "Clarissa Bender", "676893362"),
	(188, 6, "davidryan@quadeebo.com", "20032947", "David Ryan", "689712436"),
	(189, 2, "ceciliacurry@quadeebo.com", "22142853", "Cecilia Curry", "600062177"),
	(190, 1, "whitakershelton@quadeebo.com", "33115715", "Whitaker Shelton", "628498444"),
	(191, 4, "howardcarter@quadeebo.com", "35247553", "Howard Carter", "682733191"),
	(192, 3, "perezbradford@quadeebo.com", "26175149", "Perez Bradford", "625930288"),
	(193, 1, "frederickdean@quadeebo.com", "98184584", "Frederick Dean", "677770186"),
	(194, 1, "nicoleparker@quadeebo.com", "26575278", "Nicole Parker", "637416174"),
	(195, 2, "vazquezjenkins@quadeebo.com", "40056047", "Vazquez Jenkins", "640399959"),
	(196, 5, "gilbertstevens@quadeebo.com", "93098114", "Gilbert Stevens", "674876335"),
	(197, 3, "vivianthornton@quadeebo.com", "87646447", "Vivian Thornton", "664827095"),
	(198, 5, "revamatthews@quadeebo.com", "94749340", "Reva Matthews", "606227887"),
	(199, 4, "peggycamacho@quadeebo.com", "85773286", "Peggy Camacho", "685933736"),
	(200, 1, "amberrowe@quadeebo.com", "97677955", "Amber Rowe", "659864364"),
	(201, 4, "rosebray@quadeebo.com", "98803022", "Rose Bray", "676277363"),
	(202, 1, "lotttucker@quadeebo.com", "67041240", "Lott Tucker", "632741174"),
	(203, 4, "marquezhuffman@quadeebo.com", "74341348", "Marquez Huffman", "631696337"),
	(204, 2, "sampsonnorton@quadeebo.com", "95578239", "Sampson Norton", "603616767"),
	(205, 4, "patricahenson@quadeebo.com", "39529355", "Patrica Henson", "654697727"),
	(206, 5, "phelpsmurray@quadeebo.com", "50687145", "Phelps Murray", "617743376"),
	(207, 5, "watkinshyde@quadeebo.com", "95614148", "Watkins Hyde", "649043279"),
	(208, 6, "audraoneil@quadeebo.com", "66908293", "Audra Oneil", "689826567"),
	(209, 4, "neldabartlett@quadeebo.com", "58372553", "Nelda Bartlett", "668293030"),
	(210, 3, "wigginshickman@quadeebo.com", "25831466", "Wiggins Hickman", "641263050"),
	(211, 3, "lourdessimon@quadeebo.com", "39590351", "Lourdes Simon", "682408875"),
	(212, 3, "jacobslara@quadeebo.com", "30345448", "Jacobs Lara", "678846337"),
	(213, 5, "raenavarro@quadeebo.com", "43231090", "Rae Navarro", "687028310"),
	(214, 5, "randifleming@quadeebo.com", "75552626", "Randi Fleming", "698071892"),
	(215, 5, "monapugh@quadeebo.com", "56741638", "Mona Pugh", "613312816"),
	(216, 3, "lesamclaughlin@quadeebo.com", "59850119", "Lesa Mclaughlin", "642190015"),
	(217, 5, "hewittmullen@quadeebo.com", "17506817", "Hewitt Mullen", "670408430"),
	(218, 1, "hardinsaunders@quadeebo.com", "44409010", "Hardin Saunders", "616039032"),
	(219, 2, "hurleyandrews@quadeebo.com", "69205472", "Hurley Andrews", "683241396"),
	(220, 1, "comptonmcintosh@quadeebo.com", "45833994", "Compton Mcintosh", "617033049"),
	(221, 6, "cardenasmontgomery@quadeebo.com", "83617227", "Cardenas Montgomery", "665940005"),
	(222, 6, "paterichmond@quadeebo.com", "19150241", "Pate Richmond", "604437584"),
	(223, 3, "celestebright@quadeebo.com", "38477336", "Celeste Bright", "633105488"),
	(224, 6, "marshabest@quadeebo.com", "28894177", "Marsha Best", "603156499"),
	(225, 6, "adrianhutchinson@quadeebo.com", "15075499", "Adrian Hutchinson", "626559445"),
	(226, 2, "wilkinsonparks@quadeebo.com", "67640758", "Wilkinson Parks", "667477164"),
	(227, 6, "meganreese@quadeebo.com", "89262379", "Megan Reese", "634830216"),
	(228, 3, "orrzamora@quadeebo.com", "14469539", "Orr Zamora", "686343144"),
	(229, 1, "francesconrad@quadeebo.com", "79754321", "Frances Conrad", "625112136"),
	(230, 2, "alfredaguy@quadeebo.com", "88466831", "Alfreda Guy", "671792175"),
	(231, 4, "jarvisconley@quadeebo.com", "19168739", "Jarvis Conley", "644389822"),
	(232, 3, "susanfrazier@quadeebo.com", "64982830", "Susan Frazier", "678497034"),
	(233, 3, "adelawong@quadeebo.com", "93162628", "Adela Wong", "615866493"),
	(234, 4, "angiebradley@quadeebo.com", "26594864", "Angie Bradley", "638786077"),
	(235, 3, "priscillawilliams@quadeebo.com", "84404500", "Priscilla Williams", "621788304"),
	(236, 6, "hayesallison@quadeebo.com", "78010348", "Hayes Allison", "683489720"),
	(237, 2, "adastrickland@quadeebo.com", "13368380", "Ada Strickland", "650955744"),
	(238, 4, "lindseybernard@quadeebo.com", "69401602", "Lindsey Bernard", "664481478"),
	(239, 5, "junegarrett@quadeebo.com", "71982577", "June Garrett", "602944734"),
	(240, 3, "yateskoch@quadeebo.com", "42023140", "Yates Koch", "642743193"),
	(241, 1, "alyssadickerson@quadeebo.com", "88509501", "Alyssa Dickerson", "653951083"),
	(242, 4, "fuentesleblanc@quadeebo.com", "77218280", "Fuentes Leblanc", "688246731"),
	(243, 1, "matthewsrutledge@quadeebo.com", "46012690", "Matthews Rutledge", "697613020"),
	(244, 6, "bestwaters@quadeebo.com", "66775216", "Best Waters", "627118938"),
	(245, 6, "mcdonaldbritt@quadeebo.com", "46229226", "Mcdonald Britt", "645269917"),
	(246, 4, "lyndagriffith@quadeebo.com", "10163255", "Lynda Griffith", "691503971"),
	(247, 2, "deckerstewart@quadeebo.com", "17262694", "Decker Stewart", "636721991"),
	(248, 2, "blanchevasquez@quadeebo.com", "38165775", "Blanche Vasquez", "627468434"),
	(249, 5, "connersmall@quadeebo.com", "33237854", "Conner Small", "666798332"),
	(250, 6, "michellealford@quadeebo.com", "41007990", "Michelle Alford", "626605366"),
	(251, 1, "wallolsen@quadeebo.com", "74798998", "Wall Olsen", "625666996"),
	(252, 4, "valeriaguerra@quadeebo.com", "91730267", "Valeria Guerra", "618903124"),
	(253, 3, "wolfmarshall@quadeebo.com", "20893504", "Wolf Marshall", "689279759"),
	(254, 1, "jodierasmussen@quadeebo.com", "34397840", "Jodie Rasmussen", "652401685"),
	(255, 6, "margodiaz@quadeebo.com", "24115686", "Margo Diaz", "694469061"),
	(256, 3, "fieldscortez@quadeebo.com", "28388881", "Fields Cortez", "679003782"),
	(257, 4, "mcclainmurphy@quadeebo.com", "82175150", "Mcclain Murphy", "692505184"),
	(258, 2, "mcgeewood@quadeebo.com", "42383880", "Mcgee Wood", "600867549"),
	(259, 2, "rhodeswilcox@quadeebo.com", "20114672", "Rhodes Wilcox", "631871393"),
	(260, 5, "nashhudson@quadeebo.com", "40053889", "Nash Hudson", "602578764"),
	(261, 6, "browningdorsey@quadeebo.com", "42833575", "Browning Dorsey", "609919869"),
	(262, 3, "janpittman@quadeebo.com", "77748731", "Jan Pittman", "621711526"),
	(263, 3, "maysroman@quadeebo.com", "18844328", "Mays Roman", "677627943"),
	(264, 1, "deloreshenry@quadeebo.com", "96639111", "Delores Henry", "659507757"),
	(265, 6, "marshallgonzalez@quadeebo.com", "50263947", "Marshall Gonzalez", "642684102"),
	(266, 6, "helenecollier@quadeebo.com", "31640597", "Helene Collier", "609561524"),
	(267, 1, "caselawrence@quadeebo.com", "65910829", "Case Lawrence", "644243512"),
	(268, 6, "rosierichard@quadeebo.com", "52404681", "Rosie Richard", "685865683"),
	(269, 1, "yorksykes@quadeebo.com", "10486850", "York Sykes", "655747179"),
	(270, 5, "hancockcohen@quadeebo.com", "34812136", "Hancock Cohen", "673408395"),
	(271, 3, "fultonroberts@quadeebo.com", "64032256", "Fulton Roberts", "639157694"),
	(272, 4, "joynerbolton@quadeebo.com", "55506186", "Joyner Bolton", "649280058"),
	(273, 5, "agnesgates@quadeebo.com", "96767305", "Agnes Gates", "624293469"),
	(274, 4, "ericaward@quadeebo.com", "79025768", "Erica Ward", "697468166"),
	(275, 6, "fryrivers@quadeebo.com", "18849293", "Fry Rivers", "645821564"),
	(276, 2, "battlecameron@quadeebo.com", "98027515", "Battle Cameron", "658704465"),
	(277, 5, "christinehunt@quadeebo.com", "76826104", "Christine Hunt", "698502080"),
	(278, 4, "hartmanhoffman@quadeebo.com", "71349611", "Hartman Hoffman", "652202806"),
	(279, 6, "leaharmon@quadeebo.com", "75586663", "Lea Harmon", "629589736"),
	(280, 3, "alysonabbott@quadeebo.com", "21398037", "Alyson Abbott", "664426606"),
	(281, 4, "estelasharp@quadeebo.com", "47875405", "Estela Sharp", "669114650"),
	(282, 1, "dennisclark@quadeebo.com", "20093209", "Dennis Clark", "656409401"),
	(283, 6, "ellencunningham@quadeebo.com", "33308819", "Ellen Cunningham", "624529770"),
	(284, 4, "briggsblackwell@quadeebo.com", "12134738", "Briggs Blackwell", "600881590"),
	(285, 2, "hardybuck@quadeebo.com", "73458832", "Hardy Buck", "629470194"),
	(286, 4, "jeanniebates@quadeebo.com", "18685122", "Jeannie Bates", "664460426"),
	(287, 6, "wilderjordan@quadeebo.com", "81287542", "Wilder Jordan", "655018229"),
	(288, 5, "nelliemiller@quadeebo.com", "64878850", "Nellie Miller", "686512095"),
	(289, 2, "parrishperez@quadeebo.com", "42025258", "Parrish Perez", "657919384"),
	(290, 5, "shellyhooper@quadeebo.com", "25125542", "Shelly Hooper", "684131157"),
	(291, 3, "valencialarson@quadeebo.com", "48223314", "Valencia Larson", "642288830"),
	(292, 2, "juarezvincent@quadeebo.com", "67067218", "Juarez Vincent", "689759159"),
	(293, 2, "duffyrice@quadeebo.com", "73580088", "Duffy Rice", "676583694"),
	(294, 4, "daltonbarrett@quadeebo.com", "97163467", "Dalton Barrett", "668166113"),
	(295, 2, "rodgersclarke@quadeebo.com", "41422273", "Rodgers Clarke", "611966361"),
	(296, 2, "yeseniadaniels@quadeebo.com", "21998157", "Yesenia Daniels", "634828643"),
	(297, 1, "gretahubbard@quadeebo.com", "68946690", "Greta Hubbard", "664567183"),
	(298, 3, "fullerwhitfield@quadeebo.com", "45842440", "Fuller Whitfield", "688151769"),
	(299, 4, "manngutierrez@quadeebo.com", "82963842", "Mann Gutierrez", "660153296"),
	(300, 4, "barronboone@quadeebo.com", "18360298", "Barron Boone", "621527199"),
	(301, 1, "eatonwoods@quadeebo.com", "57305137", "Eaton Woods", "603346405"),
	(302, 1, "paulbrady@quadeebo.com", "82091366", "Paul Brady", "634960279"),
	(303, 1, "clarkpowers@quadeebo.com", "47316143", "Clark Powers", "654422887"),
	(304, 6, "marthadonovan@quadeebo.com", "91713529", "Martha Donovan", "680923196"),
	(305, 3, "lillieholman@quadeebo.com", "82445589", "Lillie Holman", "663114029"),
	(306, 6, "kingpalmer@quadeebo.com", "20186585", "King Palmer", "674939807"),
	(307, 1, "farleywoodard@quadeebo.com", "97178213", "Farley Woodard", "670588550"),
	(308, 2, "dorseynorman@quadeebo.com", "24369187", "Dorsey Norman", "609166832"),
	(309, 6, "watsonyork@quadeebo.com", "20481058", "Watson York", "641505127"),
	(310, 2, "chandlerfarrell@quadeebo.com", "22267766", "Chandler Farrell", "657562678"),
	(311, 3, "mcfarlandsalinas@quadeebo.com", "46619672", "Mcfarland Salinas", "668241171"),
	(312, 4, "leolacotton@quadeebo.com", "25350962", "Leola Cotton", "685098491"),
	(313, 1, "roblespena@quadeebo.com", "28664937", "Robles Pena", "630208457"),
	(314, 6, "matildahill@quadeebo.com", "55407975", "Matilda Hill", "624370025"),
	(315, 2, "ernaweber@quadeebo.com", "86603799", "Erna Weber", "664867989"),
	(316, 1, "dotsonjoyce@quadeebo.com", "66579320", "Dotson Joyce", "613735200"),
	(317, 6, "hatfieldcontreras@quadeebo.com", "49571947", "Hatfield Contreras", "690012624"),
	(318, 1, "andreaschultz@quadeebo.com", "66147823", "Andrea Schultz", "634436764"),
	(319, 1, "melendezlane@quadeebo.com", "70733000", "Melendez Lane", "620555692"),
	(320, 1, "randolphheath@quadeebo.com", "84362100", "Randolph Heath", "609147489"),
	(321, 4, "nguyensosa@quadeebo.com", "48372454", "Nguyen Sosa", "663698133"),
	(322, 5, "brittneygarcia@quadeebo.com", "46181215", "Brittney Garcia", "688582116"),
	(323, 2, "murphycombs@quadeebo.com", "89369059", "Murphy Combs", "693902589"),
	(324, 3, "leannabenjamin@quadeebo.com", "36357509", "Leanna Benjamin", "601433842"),
	(325, 6, "gilmorenguyen@quadeebo.com", "41652564", "Gilmore Nguyen", "631987738"),
	(326, 5, "sheppardortega@quadeebo.com", "98324183", "Sheppard Ortega", "602628863"),
	(327, 6, "anitagraham@quadeebo.com", "54306779", "Anita Graham", "655318352"),
	(328, 1, "almadyer@quadeebo.com", "22813360", "Alma Dyer", "627493165"),
	(329, 4, "kinneycastro@quadeebo.com", "72148022", "Kinney Castro", "690558333"),
	(330, 2, "ruizvalencia@quadeebo.com", "79507638", "Ruiz Valencia", "659488242"),
	(331, 6, "nanniemiranda@quadeebo.com", "91229213", "Nannie Miranda", "655572612"),
	(332, 6, "kittypuckett@quadeebo.com", "27573902", "Kitty Puckett", "669906131"),
	(333, 6, "nicholsontate@quadeebo.com", "25392666", "Nicholson Tate", "641212191"),
	(334, 2, "conniearnold@quadeebo.com", "76684309", "Connie Arnold", "677989588"),
	(335, 3, "katherynklein@quadeebo.com", "68082236", "Katheryn Klein", "638833846"),
	(336, 2, "avasharpe@quadeebo.com", "99003970", "Ava Sharpe", "621294395"),
	(337, 2, "careybaker@quadeebo.com", "35261103", "Carey Baker", "677749904"),
	(338, 4, "sarahknowles@quadeebo.com", "84040322", "Sarah Knowles", "630044117"),
	(339, 5, "nevastanton@quadeebo.com", "81464728", "Neva Stanton", "614034705"),
	(340, 4, "roxievang@quadeebo.com", "66442910", "Roxie Vang", "691186656"),
	(341, 2, "mildreddillard@quadeebo.com", "74048517", "Mildred Dillard", "670907910"),
	(342, 2, "jonilogan@quadeebo.com", "42680775", "Joni Logan", "641473925"),
	(343, 6, "bradshawcardenas@quadeebo.com", "15773324", "Bradshaw Cardenas", "606375991"),
	(344, 5, "shepardkelly@quadeebo.com", "16279374", "Shepard Kelly", "659601963"),
	(345, 6, "danielbruce@quadeebo.com", "25577708", "Daniel Bruce", "670792267"),
	(346, 1, "coleenprice@quadeebo.com", "51052149", "Coleen Price", "637723135"),
	(347, 1, "louisewilkins@quadeebo.com", "41386349", "Louise Wilkins", "623699091"),
	(348, 4, "savagecollins@quadeebo.com", "71723045", "Savage Collins", "676672255"),
	(349, 2, "mccartylloyd@quadeebo.com", "98317111", "Mccarty Lloyd", "669638556"),
	(350, 1, "robertkim@quadeebo.com", "70293789", "Robert Kim", "647133855"),
	(351, 2, "fryetrujillo@quadeebo.com", "14040855", "Frye Trujillo", "690146199"),
	(352, 1, "irmahopkins@quadeebo.com", "86932550", "Irma Hopkins", "604434541"),
	(353, 2, "maggielancaster@quadeebo.com", "16215069", "Maggie Lancaster", "641315101"),
	(354, 1, "piercehorne@quadeebo.com", "80381971", "Pierce Horne", "621836844"),
	(355, 6, "maxwellcoleman@quadeebo.com", "48443092", "Maxwell Coleman", "637670476"),
	(356, 3, "boydramos@quadeebo.com", "47813492", "Boyd Ramos", "616222531"),
	(357, 3, "gravesfarley@quadeebo.com", "28941238", "Graves Farley", "667203207"),
	(358, 5, "angelinapetersen@quadeebo.com", "76913285", "Angelina Petersen", "663184206"),
	(359, 5, "bishopfreeman@quadeebo.com", "18587807", "Bishop Freeman", "629169220"),
	(360, 6, "elizahayden@quadeebo.com", "74914982", "Eliza Hayden", "634367148"),
	(361, 3, "marygrant@quadeebo.com", "49084684", "Mary Grant", "605131568"),
	(362, 6, "rachellefields@quadeebo.com", "68812042", "Rachelle Fields", "622639201"),
	(363, 4, "elisamcneil@quadeebo.com", "29783622", "Elisa Mcneil", "698800281"),
	(364, 1, "stanleyjohnston@quadeebo.com", "46954857", "Stanley Johnston", "666417785"),
	(365, 1, "lowerygoodman@quadeebo.com", "11917458", "Lowery Goodman", "626527792"),
	(366, 4, "wendijarvis@quadeebo.com", "97040215", "Wendi Jarvis", "665713570"),
	(367, 1, "valarieblanchard@quadeebo.com", "37407866", "Valarie Blanchard", "678855275"),
	(368, 6, "ferrellmccall@quadeebo.com", "85464511", "Ferrell Mccall", "692247916"),
	(369, 4, "merlebarry@quadeebo.com", "67597135", "Merle Barry", "656033084"),
	(370, 1, "lynnvega@quadeebo.com", "52339481", "Lynn Vega", "692961872"),
	(371, 1, "gailchurch@quadeebo.com", "53858579", "Gail Church", "658158017"),
	(372, 2, "byrdrich@quadeebo.com", "85345383", "Byrd Rich", "675426104"),
	(373, 2, "ellisdurham@quadeebo.com", "44737109", "Ellis Durham", "648377155"),
	(374, 4, "laurihancock@quadeebo.com", "50143598", "Lauri Hancock", "685406366"),
	(375, 2, "caseysteele@quadeebo.com", "23983765", "Casey Steele", "658589423"),
	(376, 2, "frankpadilla@quadeebo.com", "17421477", "Frank Padilla", "648572342"),
	(377, 1, "beachserrano@quadeebo.com", "13661775", "Beach Serrano", "666920413"),
	(378, 2, "mattietodd@quadeebo.com", "72753764", "Mattie Todd", "623855951"),
	(379, 1, "fergusonbecker@quadeebo.com", "42713328", "Ferguson Becker", "657171584"),
	(380, 1, "nikkiconway@quadeebo.com", "17078728", "Nikki Conway", "689040551"),
	(381, 3, "erinmassey@quadeebo.com", "90575389", "Erin Massey", "667679510"),
	(382, 3, "bessielawson@quadeebo.com", "66654420", "Bessie Lawson", "616613574"),
	(383, 2, "georginapotter@quadeebo.com", "34300788", "Georgina Potter", "603835137"),
	(384, 4, "mckayjensen@quadeebo.com", "63799804", "Mckay Jensen", "695289264"),
	(385, 1, "shannonmaxwell@quadeebo.com", "34596147", "Shannon Maxwell", "650339190"),
	(386, 1, "hamptonbyrd@quadeebo.com", "55953233", "Hampton Byrd", "698328660"),
	(387, 1, "pecktran@quadeebo.com", "62342127", "Peck Tran", "650707524"),
	(388, 5, "lawandablackburn@quadeebo.com", "66128616", "Lawanda Blackburn", "606108384"),
	(389, 5, "guzmanwilliamson@quadeebo.com", "73499077", "Guzman Williamson", "635215162"),
	(390, 6, "myragilliam@quadeebo.com", "36311968", "Myra Gilliam", "688721215"),
	(391, 6, "blanchardscott@quadeebo.com", "74640493", "Blanchard Scott", "652577085"),
	(392, 2, "berghansen@quadeebo.com", "80207219", "Berg Hansen", "605908374"),
	(393, 4, "mosesgibson@quadeebo.com", "27707613", "Moses Gibson", "616672528"),
	(394, 3, "taylorgreen@quadeebo.com", "62857541", "Taylor Green", "630070113"),
	(395, 2, "richardsdixon@quadeebo.com", "86001882", "Richards Dixon", "665686084"),
	(396, 1, "tommieknapp@quadeebo.com", "81370086", "Tommie Knapp", "634670230"),
	(397, 3, "mullinshoover@quadeebo.com", "86886932", "Mullins Hoover", "666015665"),
	(398, 4, "beardsummers@quadeebo.com", "29545926", "Beard Summers", "686755117"),
	(399, 3, "dorotheagaines@quadeebo.com", "85114385", "Dorothea Gaines", "624858715"),
	(400, 2, "vickimalone@quadeebo.com", "30667334", "Vicki Malone", "679482175"),
	(401, 5, "boyerwinters@quadeebo.com", "26238573", "Boyer Winters", "639642044"),
	(402, 4, "lethagiles@quadeebo.com", "93408224", "Letha Giles", "645473091"),
	(403, 2, "buckleywest@quadeebo.com", "66545626", "Buckley West", "647205059"),
	(404, 1, "mitzialvarez@quadeebo.com", "31671605", "Mitzi Alvarez", "667991124"),
	(405, 2, "hesterlang@quadeebo.com", "79585845", "Hester Lang", "680847697"),
	(406, 5, "richmondbanks@quadeebo.com", "11452981", "Richmond Banks", "633412705"),
	(407, 1, "sadiewilkinson@quadeebo.com", "77072790", "Sadie Wilkinson", "688936842"),
	(408, 6, "wattsstout@quadeebo.com", "27204480", "Watts Stout", "636798837"),
	(409, 1, "daphnechen@quadeebo.com", "81472063", "Daphne Chen", "641505120"),
	(410, 3, "jewellmcleod@quadeebo.com", "74127196", "Jewell Mcleod", "628816635"),
	(411, 6, "ballardharrington@quadeebo.com", "13854421", "Ballard Harrington", "687395001"),
	(412, 3, "samanthaoliver@quadeebo.com", "58997407", "Samantha Oliver", "642328764"),
	(413, 6, "susannepollard@quadeebo.com", "48478175", "Susanne Pollard", "681127659"),
	(414, 3, "joanchristensen@quadeebo.com", "69719262", "Joan Christensen", "611479611"),
	(415, 6, "bradleyhaney@quadeebo.com", "72738786", "Bradley Haney", "694954845"),
	(416, 1, "robertadouglas@quadeebo.com", "14160812", "Roberta Douglas", "678171017"),
	(417, 6, "abbyvance@quadeebo.com", "99885601", "Abby Vance", "605684472"),
	(418, 3, "tanishakey@quadeebo.com", "74300926", "Tanisha Key", "603137375"),
	(419, 3, "jonesfinley@quadeebo.com", "22434124", "Jones Finley", "688366295"),
	(420, 6, "solomonbarton@quadeebo.com", "12203421", "Solomon Barton", "630725774"),
	(421, 5, "birdhall@quadeebo.com", "92887924", "Bird Hall", "694060947"),
	(422, 6, "bruceduncan@quadeebo.com", "99928097", "Bruce Duncan", "662608000"),
	(423, 5, "cummingsmyers@quadeebo.com", "73573695", "Cummings Myers", "626600311"),
	(424, 3, "pateldunlap@quadeebo.com", "63010224", "Patel Dunlap", "636806736"),
	(425, 5, "nielsenmiles@quadeebo.com", "45718587", "Nielsen Miles", "684643240"),
	(426, 4, "justinegill@quadeebo.com", "14167108", "Justine Gill", "654499062"),
	(427, 6, "ursulacooley@quadeebo.com", "30949379", "Ursula Cooley", "686474906"),
	(428, 6, "searsglover@quadeebo.com", "19624160", "Sears Glover", "616013491"),
	(429, 3, "oliviachase@quadeebo.com", "12342664", "Olivia Chase", "611252064"),
	(430, 2, "stefanieperkins@quadeebo.com", "92305809", "Stefanie Perkins", "664025607"),
	(431, 6, "jamesware@quadeebo.com", "78574746", "James Ware", "667551869"),
	(432, 5, "concettaavery@quadeebo.com", "17445792", "Concetta Avery", "644589719"),
	(433, 4, "lizzieballard@quadeebo.com", "98606513", "Lizzie Ballard", "679562197"),
	(434, 1, "moorehardin@quadeebo.com", "51674383", "Moore Hardin", "696641729"),
	(435, 5, "benderrose@quadeebo.com", "60478389", "Bender Rose", "612342897"),
	(436, 6, "powersduran@quadeebo.com", "52101097", "Powers Duran", "639587530"),
	(437, 1, "hunterpierce@quadeebo.com", "34510341", "Hunter Pierce", "605749426"),
	(438, 1, "keybentley@quadeebo.com", "12014416", "Key Bentley", "645690731"),
	(439, 5, "gentryshields@quadeebo.com", "34971085", "Gentry Shields", "684795521"),
	(440, 4, "angelitasalazar@quadeebo.com", "67739895", "Angelita Salazar", "644840773"),
	(441, 4, "corneliaenglish@quadeebo.com", "95891540", "Cornelia English", "663402965"),
	(442, 5, "marlakeith@quadeebo.com", "69195620", "Marla Keith", "604077795"),
	(443, 3, "steelefoster@quadeebo.com", "90343412", "Steele Foster", "681748515"),
	(444, 1, "hurstkeller@quadeebo.com", "68908607", "Hurst Keller", "636133262"),
	(445, 6, "darlenesavage@quadeebo.com", "23722317", "Darlene Savage", "664260436"),
	(446, 3, "cochranbryan@quadeebo.com", "68559495", "Cochran Bryan", "641015456"),
	(447, 4, "lolitaforeman@quadeebo.com", "31369889", "Lolita Foreman", "699503226"),
	(448, 3, "rojashughes@quadeebo.com", "16102750", "Rojas Hughes", "649470952"),
	(449, 2, "nitadelgado@quadeebo.com", "45699085", "Nita Delgado", "686364317"),
	(450, 5, "nixonkent@quadeebo.com", "41986867", "Nixon Kent", "631369890"),
	(451, 6, "conleyspencer@quadeebo.com", "94167131", "Conley Spencer", "658946656"),
	(452, 4, "melissamcdaniel@quadeebo.com", "64191233", "Melissa Mcdaniel", "657790919"),
	(453, 5, "chelseafaulkner@quadeebo.com", "81493290", "Chelsea Faulkner", "617946697"),
	(454, 5, "cottonhiggins@quadeebo.com", "72451433", "Cotton Higgins", "673281650"),
	(455, 4, "moranmathews@quadeebo.com", "61519076", "Moran Mathews", "623452168"),
	(456, 4, "mayerpreston@quadeebo.com", "80048922", "Mayer Preston", "647571667"),
	(457, 5, "daisyhowe@quadeebo.com", "73731353", "Daisy Howe", "602166573"),
	(458, 1, "barrmoran@quadeebo.com", "45713446", "Barr Moran", "672547433"),
	(459, 3, "delorishouse@quadeebo.com", "70992837", "Deloris House", "602730971"),
	(460, 6, "katherinelowe@quadeebo.com", "23331684", "Katherine Lowe", "682681311"),
	(461, 1, "aileenfrancis@quadeebo.com", "81599775", "Aileen Francis", "622980462"),
	(462, 1, "brittarmstrong@quadeebo.com", "57076397", "Britt Armstrong", "646246922"),
	(463, 1, "beverleymccarty@quadeebo.com", "64661177", "Beverley Mccarty", "674176447"),
	(464, 5, "earlenereyes@quadeebo.com", "60520814", "Earlene Reyes", "665909817"),
	(465, 6, "carverjacobson@quadeebo.com", "11800950", "Carver Jacobson", "696226258"),
	(466, 2, "erikafuentes@quadeebo.com", "98402162", "Erika Fuentes", "662854917"),
	(467, 5, "lunapatterson@quadeebo.com", "63659954", "Luna Patterson", "691872067"),
	(468, 3, "stephensonhess@quadeebo.com", "45267022", "Stephenson Hess", "639987704"),
	(469, 1, "susiewitt@quadeebo.com", "90953829", "Susie Witt", "631969409"),
	(470, 6, "burnssears@quadeebo.com", "98386424", "Burns Sears", "615455091"),
	(471, 1, "bullockemerson@quadeebo.com", "32308307", "Bullock Emerson", "624683071"),
	(472, 1, "claradominguez@quadeebo.com", "78639947", "Clara Dominguez", "624880744"),
	(473, 5, "margeryestrada@quadeebo.com", "78818154", "Margery Estrada", "625867631"),
	(474, 2, "calhountaylor@quadeebo.com", "68828160", "Calhoun Taylor", "661564234"),
	(475, 2, "vegafranks@quadeebo.com", "11820432", "Vega Franks", "616487541"),
	(476, 1, "debbiebrennan@quadeebo.com", "16241848", "Debbie Brennan", "620818023"),
	(477, 1, "shawcherry@quadeebo.com", "52064514", "Shaw Cherry", "673030894"),
	(478, 2, "kaitlincruz@quadeebo.com", "74659720", "Kaitlin Cruz", "663786192"),
	(479, 1, "dudleyhouston@quadeebo.com", "47457578", "Dudley Houston", "693806514"),
	(480, 3, "hoopermacias@quadeebo.com", "54094443", "Hooper Macias", "666276464"),
	(481, 4, "laurelgregory@quadeebo.com", "36888522", "Laurel Gregory", "659491514"),
	(482, 5, "lenoredotson@quadeebo.com", "70044166", "Lenore Dotson", "611472965"),
	(483, 4, "luisaschwartz@quadeebo.com", "26921362", "Luisa Schwartz", "623113665"),
	(484, 3, "jacobsonvillarreal@quadeebo.com", "66398243", "Jacobson Villarreal", "636535050"),
	(485, 4, "audreynicholson@quadeebo.com", "26213214", "Audrey Nicholson", "689600924"),
	(486, 1, "anniecampos@quadeebo.com", "88003425", "Annie Campos", "631333657"),
	(487, 1, "robincrane@quadeebo.com", "69327454", "Robin Crane", "658040945"),
	(488, 4, "blankenshipcain@quadeebo.com", "97631039", "Blankenship Cain", "631351669"),
	(489, 2, "everettholder@quadeebo.com", "90054523", "Everett Holder", "600530504"),
	(490, 6, "amiecalderon@quadeebo.com", "95498649", "Amie Calderon", "678575967"),
	(491, 4, "sabrinamason@quadeebo.com", "27730614", "Sabrina Mason", "639883446"),
	(492, 3, "padillaguerrero@quadeebo.com", "82981326", "Padilla Guerrero", "645654144"),
	(493, 3, "kirklandterry@quadeebo.com", "28519438", "Kirkland Terry", "640527368"),
	(494, 6, "marcellabooth@quadeebo.com", "59522824", "Marcella Booth", "641395241"),
	(495, 5, "cannonlyons@quadeebo.com", "96812270", "Cannon Lyons", "658131186"),
	(496, 1, "knowlessolomon@quadeebo.com", "25655190", "Knowles Solomon", "612750026"),
	(497, 3, "alyceadkins@quadeebo.com", "36419016", "Alyce Adkins", "660777124"),
	(498, 2, "chapmankirby@quadeebo.com", "33480060", "Chapman Kirby", "612005123"),
	(499, 6, "corinnefrost@quadeebo.com", "96685440", "Corinne Frost", "687008687"),
	(500, 1, "casandracharles@quadeebo.com", "97395228", "Casandra Charles", "680245172");

/*!40000 ALTER TABLE `alumnos` ENABLE KEYS */;
UNLOCK TABLES;



# Dump of table asistencias
# ------------------------------------------------------------

DROP TABLE IF EXISTS `asistencias`;

CREATE TABLE `asistencias` (
  `alumno_id` int DEFAULT NULL,
  `asistencia` bit(1) DEFAULT NULL,
  `dia` tinyint DEFAULT NULL,
  `fecha` date DEFAULT NULL,
  `horario_entrada` time(6) DEFAULT NULL,
  `horario_retiro` time(6) DEFAULT NULL,
  `id` int NOT NULL AUTO_INCREMENT,
  `retirado` bit(1) DEFAULT NULL,
  `tardanza` bit(1) DEFAULT NULL,
  `razon_retiro` varchar(255) CHARACTER SET utf8mb4 COLLATE utf8mb4_0900_ai_ci DEFAULT NULL,
  `enabled` tinyint(1) NOT NULL DEFAULT '1',
  PRIMARY KEY (`id`),
  KEY `FK_ASISTENCIA_ALUMNO` (`alumno_id`),
  CONSTRAINT `FK_ASISTENCIA_ALUMNO` FOREIGN KEY (`alumno_id`) REFERENCES `alumnos` (`id`) ON DELETE CASCADE ON UPDATE CASCADE,
  CONSTRAINT `asistencias_chk_1` CHECK ((`dia` between 0 and 6))
) ENGINE=InnoDB AUTO_INCREMENT=22 DEFAULT CHARSET=utf8mb4 COLLATE=utf8mb4_0900_ai_ci;





# Dump of table conteo_asistencia
# ------------------------------------------------------------

DROP TABLE IF EXISTS `conteo_asistencia`;

CREATE TABLE `conteo_asistencia` (
  `alumno_id` int DEFAULT NULL,
  `id` int NOT NULL AUTO_INCREMENT,
  `inasistencias_1` float DEFAULT NULL,
  `inasistencias_2` float DEFAULT NULL,
  `inasistencias_3` float DEFAULT NULL,
  `retiros` int DEFAULT NULL,
  `tardanzas` int DEFAULT NULL,
  `dias_habiles` bigint DEFAULT NULL,
  `inasistencias_streak` tinyint(1) NOT NULL DEFAULT '0',
  `racha` int NOT NULL DEFAULT '0',
  PRIMARY KEY (`id`),
  KEY `FK_ALUMNOS_CONTEO` (`alumno_id`),
  CONSTRAINT `FK_ALUMNOS_CONTEO` FOREIGN KEY (`alumno_id`) REFERENCES `alumnos` (`id`) ON DELETE CASCADE ON UPDATE CASCADE
) ENGINE=InnoDB AUTO_INCREMENT=1036 DEFAULT CHARSET=utf8mb4 COLLATE=utf8mb4_0900_ai_ci;

LOCK TABLES `conteo_asistencia` WRITE;
/*!40000 ALTER TABLE `conteo_asistencia` DISABLE KEYS */;

INSERT INTO `conteo_asistencia` (`alumno_id`, `id`, `inasistencias_1`, `inasistencias_2`, `inasistencias_3`, `retiros`, `tardanzas`, `dias_habiles`, `inasistencias_streak`, `racha`) VALUES
	(1, 32, 0, 0, 0, 0, 0, 0, 0, 0),
	(2, 33, 0, 0, 0, 0, 0, 0, 0, 0),
	(3, 34, 0, 0, 0, 0, 0, 0, 0, 0),
	(4, 35, 0, 0, 0, 0, 0, 0, 0, 0),
	(5, 36, 0, 0, 0, 0, 0, 0, 0, 0),
	(6, 37, 0, 0, 0, 0, 0, 0, 0, 0),
	(7, 38, 0, 0, 0, 0, 0, 0, 0, 0),
	(8, 39, 0, 0, 0, 0, 0, 0, 0, 0),
	(9, 40, 0, 0, 0, 0, 0, 0, 0, 0),
	(10, 41, 0, 0, 0, 0, 0, 0, 0, 0),
	(11, 42, 0, 0, 0, 0, 0, 0, 0, 0),
	(12, 43, 0, 0, 0, 0, 0, 0, 0, 0),
	(13, 44, 0, 0, 0, 0, 0, 0, 0, 0),
	(14, 45, 0, 0, 0, 0, 0, 0, 0, 0),
	(15, 46, 0, 0, 0, 0, 0, 0, 0, 0),
	(16, 47, 0, 0, 0, 0, 0, 0, 0, 0),
	(17, 48, 0, 0, 0, 0, 0, 0, 0, 0),
	(18, 49, 0, 0, 0, 0, 0, 0, 0, 0),
	(19, 50, 0, 0, 0, 0, 0, 0, 0, 0),
	(20, 51, 0, 0, 0, 0, 0, 0, 0, 0),
	(21, 52, 0, 0, 0, 0, 0, 0, 0, 0),
	(22, 53, 0, 0, 0, 0, 0, 0, 0, 0),
	(23, 54, 0, 0, 0, 0, 0, 0, 0, 0),
	(24, 55, 0, 0, 0, 0, 0, 0, 0, 0),
	(25, 56, 0, 0, 0, 0, 0, 0, 0, 0),
	(26, 57, 0, 0, 0, 0, 0, 0, 0, 0),
	(27, 58, 0, 0, 0, 0, 0, 0, 0, 0),
	(28, 59, 0, 0, 0, 0, 0, 0, 0, 0),
	(29, 60, 0, 0, 0, 0, 0, 0, 0, 0),
	(30, 61, 0, 0, 0, 0, 0, 0, 0, 0),
	(31, 62, 0, 0, 0, 0, 0, 0, 0, 0),
	(32, 63, 0, 0, 0, 0, 0, 0, 0, 0),
	(33, 64, 0, 0, 0, 0, 0, 0, 0, 0),
	(34, 65, 0, 0, 0, 0, 0, 0, 0, 0),
	(35, 66, 0, 0, 0, 0, 0, 0, 0, 0),
	(36, 67, 0, 0, 0, 0, 0, 0, 0, 0),
	(37, 68, 0, 0, 0, 0, 0, 0, 0, 0),
	(38, 69, 0, 0, 0, 0, 0, 0, 0, 0),
	(39, 70, 0, 0, 0, 0, 0, 0, 0, 0),
	(40, 71, 0, 0, 0, 0, 0, 0, 0, 0),
	(41, 72, 0, 0, 0, 0, 0, 0, 0, 0),
	(42, 73, 0, 0, 0, 0, 0, 0, 0, 0),
	(43, 74, 0, 0, 0, 0, 0, 0, 0, 0),
	(44, 75, 0, 0, 0, 0, 0, 0, 0, 0),
	(45, 76, 0, 0, 0, 0, 0, 0, 0, 0),
	(46, 77, 0, 0, 0, 0, 0, 0, 0, 0),
	(47, 78, 0, 0, 0, 0, 0, 0, 0, 0),
	(48, 79, 0, 0, 0, 0, 0, 0, 0, 0),
	(49, 80, 0, 0, 0, 0, 0, 0, 0, 0),
	(50, 81, 0, 0, 0, 0, 0, 0, 0, 0),
	(51, 82, 0, 0, 0, 0, 0, 0, 0, 0),
	(52, 83, 0, 0, 0, 0, 0, 0, 0, 0),
	(53, 84, 0, 0, 0, 0, 0, 0, 0, 0),
	(54, 85, 0, 0, 0, 0, 0, 0, 0, 0),
	(55, 86, 0, 0, 0, 0, 0, 0, 0, 0),
	(56, 87, 0, 0, 0, 0, 0, 0, 0, 0),
	(57, 88, 0, 0, 0, 0, 0, 0, 0, 0),
	(58, 89, 0, 0, 0, 0, 0, 0, 0, 0),
	(59, 90, 0, 0, 0, 0, 0, 0, 0, 0),
	(60, 91, 0, 0, 0, 0, 0, 0, 0, 0),
	(61, 92, 0, 0, 0, 0, 0, 0, 0, 0),
	(62, 93, 0, 0, 0, 0, 0, 0, 0, 0),
	(63, 94, 0, 0, 0, 0, 0, 0, 0, 0),
	(64, 95, 0, 0, 0, 0, 0, 0, 0, 0),
	(65, 96, 0, 0, 0, 0, 0, 0, 0, 0),
	(66, 97, 0, 0, 0, 0, 0, 0, 0, 0),
	(67, 98, 0, 0, 0, 0, 0, 0, 0, 0),
	(68, 99, 0, 0, 0, 0, 0, 0, 0, 0),
	(69, 100, 0, 0, 0, 0, 0, 0, 0, 0),
	(70, 101, 0, 0, 0, 0, 0, 0, 0, 0),
	(71, 102, 0, 0, 0, 0, 0, 0, 0, 0),
	(72, 103, 0, 0, 0, 0, 0, 0, 0, 0),
	(73, 104, 0, 0, 0, 0, 0, 0, 0, 0),
	(74, 105, 0, 0, 0, 0, 0, 0, 0, 0),
	(75, 106, 0, 0, 0, 0, 0, 0, 0, 0),
	(76, 107, 0, 0, 0, 0, 0, 0, 0, 0),
	(77, 108, 0, 0, 0, 0, 0, 0, 0, 0),
	(78, 109, 0, 0, 0, 0, 0, 0, 0, 0),
	(79, 110, 0, 0, 0, 0, 0, 0, 0, 0),
	(80, 111, 0, 0, 0, 0, 0, 0, 0, 0),
	(81, 112, 0, 0, 0, 0, 0, 0, 0, 0),
	(82, 113, 0, 0, 0, 0, 0, 0, 0, 0),
	(83, 114, 0, 0, 0, 0, 0, 0, 0, 0),
	(84, 115, 0, 0, 0, 0, 0, 0, 0, 0),
	(85, 116, 0, 0, 0, 0, 0, 0, 0, 0),
	(86, 117, 0, 0, 0, 0, 0, 0, 0, 0),
	(87, 118, 0, 0, 0, 0, 0, 0, 0, 0),
	(88, 119, 0, 0, 0, 0, 0, 0, 0, 0),
	(89, 120, 0, 0, 0, 0, 0, 0, 0, 0),
	(90, 121, 0, 0, 0, 0, 0, 0, 0, 0),
	(91, 122, 0, 0, 0, 0, 0, 0, 0, 0),
	(92, 123, 0, 0, 0, 0, 0, 0, 0, 0),
	(93, 124, 0, 0, 0, 0, 0, 0, 0, 0),
	(94, 125, 0, 0, 0, 0, 0, 0, 0, 0),
	(95, 126, 0, 0, 0, 0, 0, 0, 0, 0),
	(96, 127, 0, 0, 0, 0, 0, 0, 0, 0),
	(97, 128, 0, 0, 0, 0, 0, 0, 0, 0),
	(98, 129, 0, 0, 0, 0, 0, 0, 0, 0),
	(99, 130, 0, 0, 0, 0, 0, 0, 0, 0),
	(100, 131, 0, 0, 0, 0, 0, 0, 0, 0),
	(101, 132, 0, 0, 0, 0, 0, 0, 0, 0),
	(102, 133, 0, 0, 0, 0, 0, 0, 0, 0),
	(103, 134, 0, 0, 0, 0, 0, 0, 0, 0),
	(104, 135, 0, 0, 0, 0, 0, 0, 0, 0),
	(105, 136, 0, 0, 0, 0, 0, 0, 0, 0),
	(106, 137, 0, 0, 0, 0, 0, 0, 0, 0),
	(107, 138, 0, 0, 0, 0, 0, 0, 0, 0),
	(108, 139, 0, 0, 0, 0, 0, 0, 0, 0),
	(109, 140, 0, 0, 0, 0, 0, 0, 0, 0),
	(110, 141, 0, 0, 0, 0, 0, 0, 0, 0),
	(111, 142, 0, 0, 0, 0, 0, 0, 0, 0),
	(112, 143, 0, 0, 0, 0, 0, 0, 0, 0),
	(113, 144, 0, 0, 0, 0, 0, 0, 0, 0),
	(114, 145, 0, 0, 0, 0, 0, 0, 0, 0),
	(115, 146, 0, 0, 0, 0, 0, 0, 0, 0),
	(116, 147, 0, 0, 0, 0, 0, 0, 0, 0),
	(117, 148, 0, 0, 0, 0, 0, 0, 0, 0),
	(118, 149, 0, 0, 0, 0, 0, 0, 0, 0),
	(119, 150, 0, 0, 0, 0, 0, 0, 0, 0),
	(120, 151, 0, 0, 0, 0, 0, 0, 0, 0),
	(121, 152, 0, 0, 0, 0, 0, 0, 0, 0),
	(122, 153, 0, 0, 0, 0, 0, 0, 0, 0),
	(123, 154, 0, 0, 0, 0, 0, 0, 0, 0),
	(124, 155, 0, 0, 0, 0, 0, 0, 0, 0),
	(125, 156, 0, 0, 0, 0, 0, 0, 0, 0),
	(126, 157, 0, 0, 0, 0, 0, 0, 0, 0),
	(127, 158, 0, 0, 0, 0, 0, 0, 0, 0),
	(128, 159, 0, 0, 0, 0, 0, 0, 0, 0),
	(129, 160, 0, 0, 0, 0, 0, 0, 0, 0),
	(130, 161, 0, 0, 0, 0, 0, 0, 0, 0),
	(131, 162, 0, 0, 0, 0, 0, 0, 0, 0),
	(132, 163, 0, 0, 0, 0, 0, 0, 0, 0),
	(133, 164, 0, 0, 0, 0, 0, 0, 0, 0),
	(134, 165, 0, 0, 0, 0, 0, 0, 0, 0),
	(135, 166, 0, 0, 0, 0, 0, 0, 0, 0),
	(136, 167, 0, 0, 0, 0, 0, 0, 0, 0),
	(137, 168, 0, 0, 0, 0, 0, 0, 0, 0),
	(138, 169, 0, 0, 0, 0, 0, 0, 0, 0),
	(139, 170, 0, 0, 0, 0, 0, 0, 0, 0),
	(140, 171, 0, 0, 0, 0, 0, 0, 0, 0),
	(141, 172, 0, 0, 0, 0, 0, 0, 0, 0),
	(142, 173, 0, 0, 0, 0, 0, 0, 0, 0),
	(143, 174, 0, 0, 0, 0, 0, 0, 0, 0),
	(144, 175, 0, 0, 0, 0, 0, 0, 0, 0),
	(145, 176, 0, 0, 0, 0, 0, 0, 0, 0),
	(146, 177, 0, 0, 0, 0, 0, 0, 0, 0),
	(147, 178, 0, 0, 0, 0, 0, 0, 0, 0),
	(148, 179, 0, 0, 0, 0, 0, 0, 0, 0),
	(149, 180, 0, 0, 0, 0, 0, 0, 0, 0),
	(150, 181, 0, 0, 0, 0, 0, 0, 0, 0),
	(151, 182, 0, 0, 0, 0, 0, 0, 0, 0),
	(152, 183, 0, 0, 0, 0, 0, 0, 0, 0),
	(153, 184, 0, 0, 0, 0, 0, 0, 0, 0),
	(154, 185, 0, 0, 0, 0, 0, 0, 0, 0),
	(155, 186, 0, 0, 0, 0, 0, 0, 0, 0),
	(156, 187, 0, 0, 0, 0, 0, 0, 0, 0),
	(157, 188, 0, 0, 0, 0, 0, 0, 0, 0),
	(158, 189, 0, 0, 0, 0, 0, 0, 0, 0),
	(159, 190, 0, 0, 0, 0, 0, 0, 0, 0),
	(160, 191, 0, 0, 0, 0, 0, 0, 0, 0),
	(161, 192, 0, 0, 0, 0, 0, 0, 0, 0),
	(162, 193, 0, 0, 0, 0, 0, 0, 0, 0),
	(163, 194, 0, 0, 0, 0, 0, 0, 0, 0),
	(164, 195, 0, 0, 0, 0, 0, 0, 0, 0),
	(165, 196, 0, 0, 0, 0, 0, 0, 0, 0),
	(166, 197, 0, 0, 0, 0, 0, 0, 0, 0),
	(167, 198, 0, 0, 0, 0, 0, 0, 0, 0),
	(168, 199, 0, 0, 0, 0, 0, 0, 0, 0),
	(169, 200, 0, 0, 0, 0, 0, 0, 0, 0),
	(170, 201, 0, 0, 0, 0, 0, 0, 0, 0),
	(171, 202, 0, 0, 0, 0, 0, 0, 0, 0),
	(172, 203, 0, 0, 0, 0, 0, 0, 0, 0),
	(173, 204, 0, 0, 0, 0, 0, 0, 0, 0),
	(174, 205, 0, 0, 0, 0, 0, 0, 0, 0),
	(175, 206, 0, 0, 0, 0, 0, 0, 0, 0),
	(176, 207, 0, 0, 0, 0, 0, 0, 0, 0),
	(177, 208, 0, 0, 0, 0, 0, 0, 0, 0),
	(178, 209, 0, 0, 0, 0, 0, 0, 0, 0),
	(179, 210, 0, 0, 0, 0, 0, 0, 0, 0),
	(180, 211, 0, 0, 0, 0, 0, 0, 0, 0),
	(181, 212, 0, 0, 0, 0, 0, 0, 0, 0),
	(182, 213, 0, 0, 0, 0, 0, 0, 0, 0),
	(183, 214, 0, 0, 0, 0, 0, 0, 0, 0),
	(184, 215, 0, 0, 0, 0, 0, 0, 0, 0),
	(185, 216, 0, 0, 0, 0, 0, 0, 0, 0),
	(186, 217, 0, 0, 0, 0, 0, 0, 0, 0),
	(187, 218, 0, 0, 0, 0, 0, 0, 0, 0),
	(188, 219, 0, 0, 0, 0, 0, 0, 0, 0),
	(189, 220, 0, 0, 0, 0, 0, 0, 0, 0),
	(190, 221, 0, 0, 0, 0, 0, 0, 0, 0),
	(191, 222, 0, 0, 0, 0, 0, 0, 0, 0),
	(192, 223, 0, 0, 0, 0, 0, 0, 0, 0),
	(193, 224, 0, 0, 0, 0, 0, 0, 0, 0),
	(194, 225, 0, 0, 0, 0, 0, 0, 0, 0),
	(195, 226, 0, 0, 0, 0, 0, 0, 0, 0),
	(196, 227, 0, 0, 0, 0, 0, 0, 0, 0),
	(197, 228, 0, 0, 0, 0, 0, 0, 0, 0),
	(198, 229, 0, 0, 0, 0, 0, 0, 0, 0),
	(199, 230, 0, 0, 0, 0, 0, 0, 0, 0),
	(200, 231, 0, 0, 0, 0, 0, 0, 0, 0),
	(201, 232, 0, 0, 0, 0, 0, 0, 0, 0),
	(202, 233, 0, 0, 0, 0, 0, 0, 0, 0),
	(203, 234, 0, 0, 0, 0, 0, 0, 0, 0),
	(204, 235, 0, 0, 0, 0, 0, 0, 0, 0),
	(205, 236, 0, 0, 0, 0, 0, 0, 0, 0),
	(206, 237, 0, 0, 0, 0, 0, 0, 0, 0),
	(207, 238, 0, 0, 0, 0, 0, 0, 0, 0),
	(208, 239, 0, 0, 0, 0, 0, 0, 0, 0),
	(209, 240, 0, 0, 0, 0, 0, 0, 0, 0),
	(210, 241, 0, 0, 0, 0, 0, 0, 0, 0),
	(211, 242, 0, 0, 0, 0, 0, 0, 0, 0),
	(212, 243, 0, 0, 0, 0, 0, 0, 0, 0),
	(213, 244, 0, 0, 0, 0, 0, 0, 0, 0),
	(214, 245, 0, 0, 0, 0, 0, 0, 0, 0),
	(215, 246, 0, 0, 0, 0, 0, 0, 0, 0),
	(216, 247, 0, 0, 0, 0, 0, 0, 0, 0),
	(217, 248, 0, 0, 0, 0, 0, 0, 0, 0),
	(218, 249, 0, 0, 0, 0, 0, 0, 0, 0),
	(219, 250, 0, 0, 0, 0, 0, 0, 0, 0),
	(220, 251, 0, 0, 0, 0, 0, 0, 0, 0),
	(221, 252, 0, 0, 0, 0, 0, 0, 0, 0),
	(222, 253, 0, 0, 0, 0, 0, 0, 0, 0),
	(223, 254, 0, 0, 0, 0, 0, 0, 0, 0),
	(224, 255, 0, 0, 0, 0, 0, 0, 0, 0),
	(225, 256, 0, 0, 0, 0, 0, 0, 0, 0),
	(226, 257, 0, 0, 0, 0, 0, 0, 0, 0),
	(227, 258, 0, 0, 0, 0, 0, 0, 0, 0),
	(228, 259, 0, 0, 0, 0, 0, 0, 0, 0),
	(229, 260, 0, 0, 0, 0, 0, 0, 0, 0),
	(230, 261, 0, 0, 0, 0, 0, 0, 0, 0),
	(231, 262, 0, 0, 0, 0, 0, 0, 0, 0),
	(232, 263, 0, 0, 0, 0, 0, 0, 0, 0),
	(233, 264, 0, 0, 0, 0, 0, 0, 0, 0),
	(234, 265, 0, 0, 0, 0, 0, 0, 0, 0),
	(235, 266, 0, 0, 0, 0, 0, 0, 0, 0),
	(236, 267, 0, 0, 0, 0, 0, 0, 0, 0),
	(237, 268, 0, 0, 0, 0, 0, 0, 0, 0),
	(238, 269, 0, 0, 0, 0, 0, 0, 0, 0),
	(239, 270, 0, 0, 0, 0, 0, 0, 0, 0),
	(240, 271, 0, 0, 0, 0, 0, 0, 0, 0),
	(241, 272, 0, 0, 0, 0, 0, 0, 0, 0),
	(242, 273, 0, 0, 0, 0, 0, 0, 0, 0),
	(243, 274, 0, 0, 0, 0, 0, 0, 0, 0),
	(244, 275, 0, 0, 0, 0, 0, 0, 0, 0),
	(245, 276, 0, 0, 0, 0, 0, 0, 0, 0),
	(246, 277, 0, 0, 0, 0, 0, 0, 0, 0),
	(247, 278, 0, 0, 0, 0, 0, 0, 0, 0),
	(248, 279, 0, 0, 0, 0, 0, 0, 0, 0),
	(249, 280, 0, 0, 0, 0, 0, 0, 0, 0),
	(250, 281, 0, 0, 0, 0, 0, 0, 0, 0),
	(251, 282, 0, 0, 0, 0, 0, 0, 0, 0),
	(252, 283, 0, 0, 0, 0, 0, 0, 0, 0),
	(253, 284, 0, 0, 0, 0, 0, 0, 0, 0),
	(254, 285, 0, 0, 0, 0, 0, 0, 0, 0),
	(255, 286, 0, 0, 0, 0, 0, 0, 0, 0),
	(256, 287, 0, 0, 0, 0, 0, 0, 0, 0),
	(257, 288, 0, 0, 0, 0, 0, 0, 0, 0),
	(258, 289, 0, 0, 0, 0, 0, 0, 0, 0),
	(259, 290, 0, 0, 0, 0, 0, 0, 0, 0),
	(260, 291, 0, 0, 0, 0, 0, 0, 0, 0),
	(261, 292, 0, 0, 0, 0, 0, 0, 0, 0),
	(262, 293, 0, 0, 0, 0, 0, 0, 0, 0),
	(263, 294, 0, 0, 0, 0, 0, 0, 0, 0),
	(264, 295, 0, 0, 0, 0, 0, 0, 0, 0),
	(265, 296, 0, 0, 0, 0, 0, 0, 0, 0),
	(266, 297, 0, 0, 0, 0, 0, 0, 0, 0),
	(267, 298, 0, 0, 0, 0, 0, 0, 0, 0),
	(268, 299, 0, 0, 0, 0, 0, 0, 0, 0),
	(269, 300, 0, 0, 0, 0, 0, 0, 0, 0),
	(270, 301, 0, 0, 0, 0, 0, 0, 0, 0),
	(271, 302, 0, 0, 0, 0, 0, 0, 0, 0),
	(272, 303, 0, 0, 0, 0, 0, 0, 0, 0),
	(273, 304, 0, 0, 0, 0, 0, 0, 0, 0),
	(274, 305, 0, 0, 0, 0, 0, 0, 0, 0),
	(275, 306, 0, 0, 0, 0, 0, 0, 0, 0),
	(276, 307, 0, 0, 0, 0, 0, 0, 0, 0),
	(277, 308, 0, 0, 0, 0, 0, 0, 0, 0),
	(278, 309, 0, 0, 0, 0, 0, 0, 0, 0),
	(279, 310, 0, 0, 0, 0, 0, 0, 0, 0),
	(280, 311, 0, 0, 0, 0, 0, 0, 0, 0),
	(281, 312, 0, 0, 0, 0, 0, 0, 0, 0),
	(282, 313, 0, 0, 0, 0, 0, 0, 0, 0),
	(283, 314, 0, 0, 0, 0, 0, 0, 0, 0),
	(284, 315, 0, 0, 0, 0, 0, 0, 0, 0),
	(285, 316, 0, 0, 0, 0, 0, 0, 0, 0),
	(286, 317, 0, 0, 0, 0, 0, 0, 0, 0),
	(287, 318, 0, 0, 0, 0, 0, 0, 0, 0),
	(288, 319, 0, 0, 0, 0, 0, 0, 0, 0),
	(289, 320, 0, 0, 0, 0, 0, 0, 0, 0),
	(290, 321, 0, 0, 0, 0, 0, 0, 0, 0),
	(291, 322, 0, 0, 0, 0, 0, 0, 0, 0),
	(292, 323, 0, 0, 0, 0, 0, 0, 0, 0),
	(293, 324, 0, 0, 0, 0, 0, 0, 0, 0),
	(294, 325, 0, 0, 0, 0, 0, 0, 0, 0),
	(295, 326, 0, 0, 0, 0, 0, 0, 0, 0),
	(296, 327, 0, 0, 0, 0, 0, 0, 0, 0),
	(297, 328, 0, 0, 0, 0, 0, 0, 0, 0),
	(298, 329, 0, 0, 0, 0, 0, 0, 0, 0),
	(299, 330, 0, 0, 0, 0, 0, 0, 0, 0),
	(300, 331, 0, 0, 0, 0, 0, 0, 0, 0),
	(301, 332, 0, 0, 0, 0, 0, 0, 0, 0),
	(302, 333, 0, 0, 0, 0, 0, 0, 0, 0),
	(303, 334, 0, 0, 0, 0, 0, 0, 0, 0),
	(304, 335, 0, 0, 0, 0, 0, 0, 0, 0),
	(305, 336, 0, 0, 0, 0, 0, 0, 0, 0),
	(306, 337, 0, 0, 0, 0, 0, 0, 0, 0),
	(307, 338, 0, 0, 0, 0, 0, 0, 0, 0),
	(308, 339, 0, 0, 0, 0, 0, 0, 0, 0),
	(309, 340, 0, 0, 0, 0, 0, 0, 0, 0),
	(310, 341, 0, 0, 0, 0, 0, 0, 0, 0),
	(311, 342, 0, 0, 0, 0, 0, 0, 0, 0),
	(312, 343, 0, 0, 0, 0, 0, 0, 0, 0),
	(313, 344, 0, 0, 0, 0, 0, 0, 0, 0),
	(314, 345, 0, 0, 0, 0, 0, 0, 0, 0),
	(315, 346, 0, 0, 0, 0, 0, 0, 0, 0),
	(316, 347, 0, 0, 0, 0, 0, 0, 0, 0),
	(317, 348, 0, 0, 0, 0, 0, 0, 0, 0),
	(318, 349, 0, 0, 0, 0, 0, 0, 0, 0),
	(319, 350, 0, 0, 0, 0, 0, 0, 0, 0),
	(320, 351, 0, 0, 0, 0, 0, 0, 0, 0),
	(321, 352, 0, 0, 0, 0, 0, 0, 0, 0),
	(322, 353, 0, 0, 0, 0, 0, 0, 0, 0),
	(323, 354, 0, 0, 0, 0, 0, 0, 0, 0),
	(324, 355, 0, 0, 0, 0, 0, 0, 0, 0),
	(325, 356, 0, 0, 0, 0, 0, 0, 0, 0),
	(326, 357, 0, 0, 0, 0, 0, 0, 0, 0),
	(327, 358, 0, 0, 0, 0, 0, 0, 0, 0),
	(328, 359, 0, 0, 0, 0, 0, 0, 0, 0),
	(329, 360, 0, 0, 0, 0, 0, 0, 0, 0),
	(330, 361, 0, 0, 0, 0, 0, 0, 0, 0),
	(331, 362, 0, 0, 0, 0, 0, 0, 0, 0),
	(332, 363, 0, 0, 0, 0, 0, 0, 0, 0),
	(333, 364, 0, 0, 0, 0, 0, 0, 0, 0),
	(334, 365, 0, 0, 0, 0, 0, 0, 0, 0),
	(335, 366, 0, 0, 0, 0, 0, 0, 0, 0),
	(336, 367, 0, 0, 0, 0, 0, 0, 0, 0),
	(337, 368, 0, 0, 0, 0, 0, 0, 0, 0),
	(338, 369, 0, 0, 0, 0, 0, 0, 0, 0),
	(339, 370, 0, 0, 0, 0, 0, 0, 0, 0),
	(340, 371, 0, 0, 0, 0, 0, 0, 0, 0),
	(341, 372, 0, 0, 0, 0, 0, 0, 0, 0),
	(342, 373, 0, 0, 0, 0, 0, 0, 0, 0),
	(343, 374, 0, 0, 0, 0, 0, 0, 0, 0),
	(344, 375, 0, 0, 0, 0, 0, 0, 0, 0),
	(345, 376, 0, 0, 0, 0, 0, 0, 0, 0),
	(346, 377, 0, 0, 0, 0, 0, 0, 0, 0),
	(347, 378, 0, 0, 0, 0, 0, 0, 0, 0),
	(348, 379, 0, 0, 0, 0, 0, 0, 0, 0),
	(349, 380, 0, 0, 0, 0, 0, 0, 0, 0),
	(350, 381, 0, 0, 0, 0, 0, 0, 0, 0),
	(351, 382, 0, 0, 0, 0, 0, 0, 0, 0),
	(352, 383, 0, 0, 0, 0, 0, 0, 0, 0),
	(353, 384, 0, 0, 0, 0, 0, 0, 0, 0),
	(354, 385, 0, 0, 0, 0, 0, 0, 0, 0),
	(355, 386, 0, 0, 0, 0, 0, 0, 0, 0),
	(356, 387, 0, 0, 0, 0, 0, 0, 0, 0),
	(357, 388, 0, 0, 0, 0, 0, 0, 0, 0),
	(358, 389, 0, 0, 0, 0, 0, 0, 0, 0),
	(359, 390, 0, 0, 0, 0, 0, 0, 0, 0),
	(360, 391, 0, 0, 0, 0, 0, 0, 0, 0),
	(361, 392, 0, 0, 0, 0, 0, 0, 0, 0),
	(362, 393, 0, 0, 0, 0, 0, 0, 0, 0),
	(363, 394, 0, 0, 0, 0, 0, 0, 0, 0),
	(364, 395, 0, 0, 0, 0, 0, 0, 0, 0),
	(365, 396, 0, 0, 0, 0, 0, 0, 0, 0),
	(366, 397, 0, 0, 0, 0, 0, 0, 0, 0),
	(367, 398, 0, 0, 0, 0, 0, 0, 0, 0),
	(368, 399, 0, 0, 0, 0, 0, 0, 0, 0),
	(369, 400, 0, 0, 0, 0, 0, 0, 0, 0),
	(370, 401, 0, 0, 0, 0, 0, 0, 0, 0),
	(371, 402, 0, 0, 0, 0, 0, 0, 0, 0),
	(372, 403, 0, 0, 0, 0, 0, 0, 0, 0),
	(373, 404, 0, 0, 0, 0, 0, 0, 0, 0),
	(374, 405, 0, 0, 0, 0, 0, 0, 0, 0),
	(375, 406, 0, 0, 0, 0, 0, 0, 0, 0),
	(376, 407, 0, 0, 0, 0, 0, 0, 0, 0),
	(377, 408, 0, 0, 0, 0, 0, 0, 0, 0),
	(378, 409, 0, 0, 0, 0, 0, 0, 0, 0),
	(379, 410, 0, 0, 0, 0, 0, 0, 0, 0),
	(380, 411, 0, 0, 0, 0, 0, 0, 0, 0),
	(381, 412, 0, 0, 0, 0, 0, 0, 0, 0),
	(382, 413, 0, 0, 0, 0, 0, 0, 0, 0),
	(383, 414, 0, 0, 0, 0, 0, 0, 0, 0),
	(384, 415, 0, 0, 0, 0, 0, 0, 0, 0),
	(385, 416, 0, 0, 0, 0, 0, 0, 0, 0),
	(386, 417, 0, 0, 0, 0, 0, 0, 0, 0),
	(387, 418, 0, 0, 0, 0, 0, 0, 0, 0),
	(388, 419, 0, 0, 0, 0, 0, 0, 0, 0),
	(389, 420, 0, 0, 0, 0, 0, 0, 0, 0),
	(390, 421, 0, 0, 0, 0, 0, 0, 0, 0),
	(391, 422, 0, 0, 0, 0, 0, 0, 0, 0),
	(392, 423, 0, 0, 0, 0, 0, 0, 0, 0),
	(393, 424, 0, 0, 0, 0, 0, 0, 0, 0),
	(394, 425, 0, 0, 0, 0, 0, 0, 0, 0),
	(395, 426, 0, 0, 0, 0, 0, 0, 0, 0),
	(396, 427, 0, 0, 0, 0, 0, 0, 0, 0),
	(397, 428, 0, 0, 0, 0, 0, 0, 0, 0),
	(398, 429, 0, 0, 0, 0, 0, 0, 0, 0),
	(399, 430, 0, 0, 0, 0, 0, 0, 0, 0),
	(400, 431, 0, 0, 0, 0, 0, 0, 0, 0),
	(401, 432, 0, 0, 0, 0, 0, 0, 0, 0),
	(402, 433, 0, 0, 0, 0, 0, 0, 0, 0),
	(403, 434, 0, 0, 0, 0, 0, 0, 0, 0),
	(404, 435, 0, 0, 0, 0, 0, 0, 0, 0),
	(405, 436, 0, 0, 0, 0, 0, 0, 0, 0),
	(406, 437, 0, 0, 0, 0, 0, 0, 0, 0),
	(407, 438, 0, 0, 0, 0, 0, 0, 0, 0),
	(408, 439, 0, 0, 0, 0, 0, 0, 0, 0),
	(409, 440, 0, 0, 0, 0, 0, 0, 0, 0),
	(410, 441, 0, 0, 0, 0, 0, 0, 0, 0),
	(411, 442, 0, 0, 0, 0, 0, 0, 0, 0),
	(412, 443, 0, 0, 0, 0, 0, 0, 0, 0),
	(413, 444, 0, 0, 0, 0, 0, 0, 0, 0),
	(414, 445, 0, 0, 0, 0, 0, 0, 0, 0),
	(415, 446, 0, 0, 0, 0, 0, 0, 0, 0),
	(416, 447, 0, 0, 0, 0, 0, 0, 0, 0),
	(417, 448, 0, 0, 0, 0, 0, 0, 0, 0),
	(418, 449, 0, 0, 0, 0, 0, 0, 0, 0),
	(419, 450, 0, 0, 0, 0, 0, 0, 0, 0),
	(420, 451, 0, 0, 0, 0, 0, 0, 0, 0),
	(421, 452, 0, 0, 0, 0, 0, 0, 0, 0),
	(422, 453, 0, 0, 0, 0, 0, 0, 0, 0),
	(423, 454, 0, 0, 0, 0, 0, 0, 0, 0),
	(424, 455, 0, 0, 0, 0, 0, 0, 0, 0),
	(425, 456, 0, 0, 0, 0, 0, 0, 0, 0),
	(426, 457, 0, 0, 0, 0, 0, 0, 0, 0),
	(427, 458, 0, 0, 0, 0, 0, 0, 0, 0),
	(428, 459, 0, 0, 0, 0, 0, 0, 0, 0),
	(429, 460, 0, 0, 0, 0, 0, 0, 0, 0),
	(430, 461, 0, 0, 0, 0, 0, 0, 0, 0),
	(431, 462, 0, 0, 0, 0, 0, 0, 0, 0),
	(432, 463, 0, 0, 0, 0, 0, 0, 0, 0),
	(433, 464, 0, 0, 0, 0, 0, 0, 0, 0),
	(434, 465, 0, 0, 0, 0, 0, 0, 0, 0),
	(435, 466, 0, 0, 0, 0, 0, 0, 0, 0),
	(436, 467, 0, 0, 0, 0, 0, 0, 0, 0),
	(437, 468, 0, 0, 0, 0, 0, 0, 0, 0),
	(438, 469, 0, 0, 0, 0, 0, 0, 0, 0),
	(439, 470, 0, 0, 0, 0, 0, 0, 0, 0),
	(440, 471, 0, 0, 0, 0, 0, 0, 0, 0),
	(441, 472, 0, 0, 0, 0, 0, 0, 0, 0),
	(442, 473, 0, 0, 0, 0, 0, 0, 0, 0),
	(443, 474, 0, 0, 0, 0, 0, 0, 0, 0),
	(444, 475, 0, 0, 0, 0, 0, 0, 0, 0),
	(445, 476, 0, 0, 0, 0, 0, 0, 0, 0),
	(446, 477, 0, 0, 0, 0, 0, 0, 0, 0),
	(447, 478, 0, 0, 0, 0, 0, 0, 0, 0),
	(448, 479, 0, 0, 0, 0, 0, 0, 0, 0),
	(449, 480, 0, 0, 0, 0, 0, 0, 0, 0),
	(450, 481, 0, 0, 0, 0, 0, 0, 0, 0),
	(451, 482, 0, 0, 0, 0, 0, 0, 0, 0),
	(452, 483, 0, 0, 0, 0, 0, 0, 0, 0),
	(453, 484, 0, 0, 0, 0, 0, 0, 0, 0),
	(454, 485, 0, 0, 0, 0, 0, 0, 0, 0),
	(455, 486, 0, 0, 0, 0, 0, 0, 0, 0),
	(456, 487, 0, 0, 0, 0, 0, 0, 0, 0),
	(457, 488, 0, 0, 0, 0, 0, 0, 0, 0),
	(458, 489, 0, 0, 0, 0, 0, 0, 0, 0),
	(459, 490, 0, 0, 0, 0, 0, 0, 0, 0),
	(460, 491, 0, 0, 0, 0, 0, 0, 0, 0),
	(461, 492, 0, 0, 0, 0, 0, 0, 0, 0),
	(462, 493, 0, 0, 0, 0, 0, 0, 0, 0),
	(463, 494, 0, 0, 0, 0, 0, 0, 0, 0),
	(464, 495, 0, 0, 0, 0, 0, 0, 0, 0),
	(465, 496, 0, 0, 0, 0, 0, 0, 0, 0),
	(466, 497, 0, 0, 0, 0, 0, 0, 0, 0),
	(467, 498, 0, 0, 0, 0, 0, 0, 0, 0),
	(468, 499, 0, 0, 0, 0, 0, 0, 0, 0),
	(469, 500, 0, 0, 0, 0, 0, 0, 0, 0),
	(470, 501, 0, 0, 0, 0, 0, 0, 0, 0),
	(471, 502, 0, 0, 0, 0, 0, 0, 0, 0),
	(472, 503, 0, 0, 0, 0, 0, 0, 0, 0),
	(473, 504, 0, 0, 0, 0, 0, 0, 0, 0),
	(474, 505, 0, 0, 0, 0, 0, 0, 0, 0),
	(475, 506, 0, 0, 0, 0, 0, 0, 0, 0),
	(476, 507, 0, 0, 0, 0, 0, 0, 0, 0),
	(477, 508, 0, 0, 0, 0, 0, 0, 0, 0),
	(478, 509, 0, 0, 0, 0, 0, 0, 0, 0),
	(479, 510, 0, 0, 0, 0, 0, 0, 0, 0),
	(480, 511, 0, 0, 0, 0, 0, 0, 0, 0),
	(481, 512, 0, 0, 0, 0, 0, 0, 0, 0),
	(482, 513, 0, 0, 0, 0, 0, 0, 0, 0),
	(483, 514, 0, 0, 0, 0, 0, 0, 0, 0),
	(484, 515, 0, 0, 0, 0, 0, 0, 0, 0),
	(485, 516, 0, 0, 0, 0, 0, 0, 0, 0),
	(486, 517, 0, 0, 0, 0, 0, 0, 0, 0),
	(487, 518, 0, 0, 0, 0, 0, 0, 0, 0),
	(488, 519, 0, 0, 0, 0, 0, 0, 0, 0),
	(489, 520, 0, 0, 0, 0, 0, 0, 0, 0),
	(490, 521, 0, 0, 0, 0, 0, 0, 0, 0),
	(491, 522, 0, 0, 0, 0, 0, 0, 0, 0),
	(492, 523, 0, 0, 0, 0, 0, 0, 0, 0),
	(493, 524, 0, 0, 0, 0, 0, 0, 0, 0),
	(494, 525, 0, 0, 0, 0, 0, 0, 0, 0),
	(495, 526, 0, 0, 0, 0, 0, 0, 0, 0),
	(496, 527, 0, 0, 0, 0, 0, 0, 0, 0),
	(497, 528, 0, 0, 0, 0, 0, 0, 0, 0),
	(498, 529, 0, 0, 0, 0, 0, 0, 0, 0),
	(499, 530, 0, 0, 0, 0, 0, 0, 0, 0),
	(500, 531, 0, 0, 0, 0, 0, 0, 0, 0),
	(501, 532, 0, 0, 0, 0, 0, 0, 0, 0),
	(502, 533, 0, 0, 0, 0, 0, 0, 0, 0),
	(503, 534, 0, 0, 0, 0, 0, 0, 0, 0),
	(504, 535, 0, 0, 0, 0, 0, 0, 0, 0),
	(1, 536, 0, 0, 0, 0, 0, 0, 0, 0),
	(2, 537, 0, 0, 0, 0, 0, 0, 0, 0),
	(3, 538, 0, 0, 0, 0, 0, 0, 0, 0),
	(4, 539, 0, 0, 0, 0, 0, 0, 0, 0),
	(5, 540, 0, 0, 0, 0, 0, 0, 0, 0),
	(6, 541, 0, 0, 0, 0, 0, 0, 0, 0),
	(7, 542, 0, 0, 0, 0, 0, 0, 0, 0),
	(8, 543, 0, 0, 0, 0, 0, 0, 0, 0),
	(9, 544, 0, 0, 0, 0, 0, 0, 0, 0),
	(10, 545, 0, 0, 0, 0, 0, 0, 0, 0),
	(11, 546, 0, 0, 0, 0, 0, 0, 0, 0),
	(12, 547, 0, 0, 0, 0, 0, 0, 0, 0),
	(13, 548, 0, 0, 0, 0, 0, 0, 0, 0),
	(14, 549, 0, 0, 0, 0, 0, 0, 0, 0),
	(15, 550, 0, 0, 0, 0, 0, 0, 0, 0),
	(16, 551, 0, 0, 0, 0, 0, 0, 0, 0),
	(17, 552, 0, 0, 0, 0, 0, 0, 0, 0),
	(18, 553, 0, 0, 0, 0, 0, 0, 0, 0),
	(19, 554, 0, 0, 0, 0, 0, 0, 0, 0),
	(20, 555, 0, 0, 0, 0, 0, 0, 0, 0),
	(21, 556, 0, 0, 0, 0, 0, 0, 0, 0),
	(22, 557, 0, 0, 0, 0, 0, 0, 0, 0),
	(23, 558, 0, 0, 0, 0, 0, 0, 0, 0),
	(24, 559, 0, 0, 0, 0, 0, 0, 0, 0),
	(25, 560, 0, 0, 0, 0, 0, 0, 0, 0),
	(26, 561, 0, 0, 0, 0, 0, 0, 0, 0),
	(27, 562, 0, 0, 0, 0, 0, 0, 0, 0),
	(28, 563, 0, 0, 0, 0, 0, 0, 0, 0),
	(29, 564, 0, 0, 0, 0, 0, 0, 0, 0),
	(30, 565, 0, 0, 0, 0, 0, 0, 0, 0),
	(31, 566, 0, 0, 0, 0, 0, 0, 0, 0),
	(32, 567, 0, 0, 0, 0, 0, 0, 0, 0),
	(33, 568, 0, 0, 0, 0, 0, 0, 0, 0),
	(34, 569, 0, 0, 0, 0, 0, 0, 0, 0),
	(35, 570, 0, 0, 0, 0, 0, 0, 0, 0),
	(36, 571, 0, 0, 0, 0, 0, 0, 0, 0),
	(37, 572, 0, 0, 0, 0, 0, 0, 0, 0),
	(38, 573, 0, 0, 0, 0, 0, 0, 0, 0),
	(39, 574, 0, 0, 0, 0, 0, 0, 0, 0),
	(40, 575, 0, 0, 0, 0, 0, 0, 0, 0),
	(41, 576, 0, 0, 0, 0, 0, 0, 0, 0),
	(42, 577, 0, 0, 0, 0, 0, 0, 0, 0),
	(43, 578, 0, 0, 0, 0, 0, 0, 0, 0),
	(44, 579, 0, 0, 0, 0, 0, 0, 0, 0),
	(45, 580, 0, 0, 0, 0, 0, 0, 0, 0),
	(46, 581, 0, 0, 0, 0, 0, 0, 0, 0),
	(47, 582, 0, 0, 0, 0, 0, 0, 0, 0),
	(48, 583, 0, 0, 0, 0, 0, 0, 0, 0),
	(49, 584, 0, 0, 0, 0, 0, 0, 0, 0),
	(50, 585, 0, 0, 0, 0, 0, 0, 0, 0),
	(51, 586, 0, 0, 0, 0, 0, 0, 0, 0),
	(52, 587, 0, 0, 0, 0, 0, 0, 0, 0),
	(53, 588, 0, 0, 0, 0, 0, 0, 0, 0),
	(54, 589, 0, 0, 0, 0, 0, 0, 0, 0),
	(55, 590, 0, 0, 0, 0, 0, 0, 0, 0),
	(56, 591, 0, 0, 0, 0, 0, 0, 0, 0),
	(57, 592, 0, 0, 0, 0, 0, 0, 0, 0),
	(58, 593, 0, 0, 0, 0, 0, 0, 0, 0),
	(59, 594, 0, 0, 0, 0, 0, 0, 0, 0),
	(60, 595, 0, 0, 0, 0, 0, 0, 0, 0),
	(61, 596, 0, 0, 0, 0, 0, 0, 0, 0),
	(62, 597, 0, 0, 0, 0, 0, 0, 0, 0),
	(63, 598, 0, 0, 0, 0, 0, 0, 0, 0),
	(64, 599, 0, 0, 0, 0, 0, 0, 0, 0),
	(65, 600, 0, 0, 0, 0, 0, 0, 0, 0),
	(66, 601, 0, 0, 0, 0, 0, 0, 0, 0),
	(67, 602, 0, 0, 0, 0, 0, 0, 0, 0),
	(68, 603, 0, 0, 0, 0, 0, 0, 0, 0),
	(69, 604, 0, 0, 0, 0, 0, 0, 0, 0),
	(70, 605, 0, 0, 0, 0, 0, 0, 0, 0),
	(71, 606, 0, 0, 0, 0, 0, 0, 0, 0),
	(72, 607, 0, 0, 0, 0, 0, 0, 0, 0),
	(73, 608, 0, 0, 0, 0, 0, 0, 0, 0),
	(74, 609, 0, 0, 0, 0, 0, 0, 0, 0),
	(75, 610, 0, 0, 0, 0, 0, 0, 0, 0),
	(76, 611, 0, 0, 0, 0, 0, 0, 0, 0),
	(77, 612, 0, 0, 0, 0, 0, 0, 0, 0),
	(78, 613, 0, 0, 0, 0, 0, 0, 0, 0),
	(79, 614, 0, 0, 0, 0, 0, 0, 0, 0),
	(80, 615, 0, 0, 0, 0, 0, 0, 0, 0),
	(81, 616, 0, 0, 0, 0, 0, 0, 0, 0),
	(82, 617, 0, 0, 0, 0, 0, 0, 0, 0),
	(83, 618, 0, 0, 0, 0, 0, 0, 0, 0),
	(84, 619, 0, 0, 0, 0, 0, 0, 0, 0),
	(85, 620, 0, 0, 0, 0, 0, 0, 0, 0),
	(86, 621, 0, 0, 0, 0, 0, 0, 0, 0),
	(87, 622, 0, 0, 0, 0, 0, 0, 0, 0),
	(88, 623, 0, 0, 0, 0, 0, 0, 0, 0),
	(89, 624, 0, 0, 0, 0, 0, 0, 0, 0),
	(90, 625, 0, 0, 0, 0, 0, 0, 0, 0),
	(91, 626, 0, 0, 0, 0, 0, 0, 0, 0),
	(92, 627, 0, 0, 0, 0, 0, 0, 0, 0),
	(93, 628, 0, 0, 0, 0, 0, 0, 0, 0),
	(94, 629, 0, 0, 0, 0, 0, 0, 0, 0),
	(95, 630, 0, 0, 0, 0, 0, 0, 0, 0),
	(96, 631, 0, 0, 0, 0, 0, 0, 0, 0),
	(97, 632, 0, 0, 0, 0, 0, 0, 0, 0),
	(98, 633, 0, 0, 0, 0, 0, 0, 0, 0),
	(99, 634, 0, 0, 0, 0, 0, 0, 0, 0),
	(100, 635, 0, 0, 0, 0, 0, 0, 0, 0),
	(101, 636, 0, 0, 0, 0, 0, 0, 0, 0),
	(102, 637, 0, 0, 0, 0, 0, 0, 0, 0),
	(103, 638, 0, 0, 0, 0, 0, 0, 0, 0),
	(104, 639, 0, 0, 0, 0, 0, 0, 0, 0),
	(105, 640, 0, 0, 0, 0, 0, 0, 0, 0),
	(106, 641, 0, 0, 0, 0, 0, 0, 0, 0),
	(107, 642, 0, 0, 0, 0, 0, 0, 0, 0),
	(108, 643, 0, 0, 0, 0, 0, 0, 0, 0),
	(109, 644, 0, 0, 0, 0, 0, 0, 0, 0),
	(110, 645, 0, 0, 0, 0, 0, 0, 0, 0),
	(111, 646, 0, 0, 0, 0, 0, 0, 0, 0),
	(112, 647, 0, 0, 0, 0, 0, 0, 0, 0),
	(113, 648, 0, 0, 0, 0, 0, 0, 0, 0),
	(114, 649, 0, 0, 0, 0, 0, 0, 0, 0),
	(115, 650, 0, 0, 0, 0, 0, 0, 0, 0),
	(116, 651, 0, 0, 0, 0, 0, 0, 0, 0),
	(117, 652, 0, 0, 0, 0, 0, 0, 0, 0),
	(118, 653, 0, 0, 0, 0, 0, 0, 0, 0),
	(119, 654, 0, 0, 0, 0, 0, 0, 0, 0),
	(120, 655, 0, 0, 0, 0, 0, 0, 0, 0),
	(121, 656, 0, 0, 0, 0, 0, 0, 0, 0),
	(122, 657, 0, 0, 0, 0, 0, 0, 0, 0),
	(123, 658, 0, 0, 0, 0, 0, 0, 0, 0),
	(124, 659, 0, 0, 0, 0, 0, 0, 0, 0),
	(125, 660, 0, 0, 0, 0, 0, 0, 0, 0),
	(126, 661, 0, 0, 0, 0, 0, 0, 0, 0),
	(127, 662, 0, 0, 0, 0, 0, 0, 0, 0),
	(128, 663, 0, 0, 0, 0, 0, 0, 0, 0),
	(129, 664, 0, 0, 0, 0, 0, 0, 0, 0),
	(130, 665, 0, 0, 0, 0, 0, 0, 0, 0),
	(131, 666, 0, 0, 0, 0, 0, 0, 0, 0),
	(132, 667, 0, 0, 0, 0, 0, 0, 0, 0),
	(133, 668, 0, 0, 0, 0, 0, 0, 0, 0),
	(134, 669, 0, 0, 0, 0, 0, 0, 0, 0),
	(135, 670, 0, 0, 0, 0, 0, 0, 0, 0),
	(136, 671, 0, 0, 0, 0, 0, 0, 0, 0),
	(137, 672, 0, 0, 0, 0, 0, 0, 0, 0),
	(138, 673, 0, 0, 0, 0, 0, 0, 0, 0),
	(139, 674, 0, 0, 0, 0, 0, 0, 0, 0),
	(140, 675, 0, 0, 0, 0, 0, 0, 0, 0),
	(141, 676, 0, 0, 0, 0, 0, 0, 0, 0),
	(142, 677, 0, 0, 0, 0, 0, 0, 0, 0),
	(143, 678, 0, 0, 0, 0, 0, 0, 0, 0),
	(144, 679, 0, 0, 0, 0, 0, 0, 0, 0),
	(145, 680, 0, 0, 0, 0, 0, 0, 0, 0),
	(146, 681, 0, 0, 0, 0, 0, 0, 0, 0),
	(147, 682, 0, 0, 0, 0, 0, 0, 0, 0),
	(148, 683, 0, 0, 0, 0, 0, 0, 0, 0),
	(149, 684, 0, 0, 0, 0, 0, 0, 0, 0),
	(150, 685, 0, 0, 0, 0, 0, 0, 0, 0),
	(151, 686, 0, 0, 0, 0, 0, 0, 0, 0),
	(152, 687, 0, 0, 0, 0, 0, 0, 0, 0),
	(153, 688, 0, 0, 0, 0, 0, 0, 0, 0),
	(154, 689, 0, 0, 0, 0, 0, 0, 0, 0),
	(155, 690, 0, 0, 0, 0, 0, 0, 0, 0),
	(156, 691, 0, 0, 0, 0, 0, 0, 0, 0),
	(157, 692, 0, 0, 0, 0, 0, 0, 0, 0),
	(158, 693, 0, 0, 0, 0, 0, 0, 0, 0),
	(159, 694, 0, 0, 0, 0, 0, 0, 0, 0),
	(160, 695, 0, 0, 0, 0, 0, 0, 0, 0),
	(161, 696, 0, 0, 0, 0, 0, 0, 0, 0),
	(162, 697, 0, 0, 0, 0, 0, 0, 0, 0),
	(163, 698, 0, 0, 0, 0, 0, 0, 0, 0),
	(164, 699, 0, 0, 0, 0, 0, 0, 0, 0),
	(165, 700, 0, 0, 0, 0, 0, 0, 0, 0),
	(166, 701, 0, 0, 0, 0, 0, 0, 0, 0),
	(167, 702, 0, 0, 0, 0, 0, 0, 0, 0),
	(168, 703, 0, 0, 0, 0, 0, 0, 0, 0),
	(169, 704, 0, 0, 0, 0, 0, 0, 0, 0),
	(170, 705, 0, 0, 0, 0, 0, 0, 0, 0),
	(171, 706, 0, 0, 0, 0, 0, 0, 0, 0),
	(172, 707, 0, 0, 0, 0, 0, 0, 0, 0),
	(173, 708, 0, 0, 0, 0, 0, 0, 0, 0),
	(174, 709, 0, 0, 0, 0, 0, 0, 0, 0),
	(175, 710, 0, 0, 0, 0, 0, 0, 0, 0),
	(176, 711, 0, 0, 0, 0, 0, 0, 0, 0),
	(177, 712, 0, 0, 0, 0, 0, 0, 0, 0),
	(178, 713, 0, 0, 0, 0, 0, 0, 0, 0),
	(179, 714, 0, 0, 0, 0, 0, 0, 0, 0),
	(180, 715, 0, 0, 0, 0, 0, 0, 0, 0),
	(181, 716, 0, 0, 0, 0, 0, 0, 0, 0),
	(182, 717, 0, 0, 0, 0, 0, 0, 0, 0),
	(183, 718, 0, 0, 0, 0, 0, 0, 0, 0),
	(184, 719, 0, 0, 0, 0, 0, 0, 0, 0),
	(185, 720, 0, 0, 0, 0, 0, 0, 0, 0),
	(186, 721, 0, 0, 0, 0, 0, 0, 0, 0),
	(187, 722, 0, 0, 0, 0, 0, 0, 0, 0),
	(188, 723, 0, 0, 0, 0, 0, 0, 0, 0),
	(189, 724, 0, 0, 0, 0, 0, 0, 0, 0),
	(190, 725, 0, 0, 0, 0, 0, 0, 0, 0),
	(191, 726, 0, 0, 0, 0, 0, 0, 0, 0),
	(192, 727, 0, 0, 0, 0, 0, 0, 0, 0),
	(193, 728, 0, 0, 0, 0, 0, 0, 0, 0),
	(194, 729, 0, 0, 0, 0, 0, 0, 0, 0),
	(195, 730, 0, 0, 0, 0, 0, 0, 0, 0),
	(196, 731, 0, 0, 0, 0, 0, 0, 0, 0),
	(197, 732, 0, 0, 0, 0, 0, 0, 0, 0),
	(198, 733, 0, 0, 0, 0, 0, 0, 0, 0),
	(199, 734, 0, 0, 0, 0, 0, 0, 0, 0),
	(200, 735, 0, 0, 0, 0, 0, 0, 0, 0),
	(201, 736, 0, 0, 0, 0, 0, 0, 0, 0),
	(202, 737, 0, 0, 0, 0, 0, 0, 0, 0),
	(203, 738, 0, 0, 0, 0, 0, 0, 0, 0),
	(204, 739, 0, 0, 0, 0, 0, 0, 0, 0),
	(205, 740, 0, 0, 0, 0, 0, 0, 0, 0),
	(206, 741, 0, 0, 0, 0, 0, 0, 0, 0),
	(207, 742, 0, 0, 0, 0, 0, 0, 0, 0),
	(208, 743, 0, 0, 0, 0, 0, 0, 0, 0),
	(209, 744, 0, 0, 0, 0, 0, 0, 0, 0),
	(210, 745, 0, 0, 0, 0, 0, 0, 0, 0),
	(211, 746, 0, 0, 0, 0, 0, 0, 0, 0),
	(212, 747, 0, 0, 0, 0, 0, 0, 0, 0),
	(213, 748, 0, 0, 0, 0, 0, 0, 0, 0),
	(214, 749, 0, 0, 0, 0, 0, 0, 0, 0),
	(215, 750, 0, 0, 0, 0, 0, 0, 0, 0),
	(216, 751, 0, 0, 0, 0, 0, 0, 0, 0),
	(217, 752, 0, 0, 0, 0, 0, 0, 0, 0),
	(218, 753, 0, 0, 0, 0, 0, 0, 0, 0),
	(219, 754, 0, 0, 0, 0, 0, 0, 0, 0),
	(220, 755, 0, 0, 0, 0, 0, 0, 0, 0),
	(221, 756, 0, 0, 0, 0, 0, 0, 0, 0),
	(222, 757, 0, 0, 0, 0, 0, 0, 0, 0),
	(223, 758, 0, 0, 0, 0, 0, 0, 0, 0),
	(224, 759, 0, 0, 0, 0, 0, 0, 0, 0),
	(225, 760, 0, 0, 0, 0, 0, 0, 0, 0),
	(226, 761, 0, 0, 0, 0, 0, 0, 0, 0),
	(227, 762, 0, 0, 0, 0, 0, 0, 0, 0),
	(228, 763, 0, 0, 0, 0, 0, 0, 0, 0),
	(229, 764, 0, 0, 0, 0, 0, 0, 0, 0),
	(230, 765, 0, 0, 0, 0, 0, 0, 0, 0),
	(231, 766, 0, 0, 0, 0, 0, 0, 0, 0),
	(232, 767, 0, 0, 0, 0, 0, 0, 0, 0),
	(233, 768, 0, 0, 0, 0, 0, 0, 0, 0),
	(234, 769, 0, 0, 0, 0, 0, 0, 0, 0),
	(235, 770, 0, 0, 0, 0, 0, 0, 0, 0),
	(236, 771, 0, 0, 0, 0, 0, 0, 0, 0),
	(237, 772, 0, 0, 0, 0, 0, 0, 0, 0),
	(238, 773, 0, 0, 0, 0, 0, 0, 0, 0),
	(239, 774, 0, 0, 0, 0, 0, 0, 0, 0),
	(240, 775, 0, 0, 0, 0, 0, 0, 0, 0),
	(241, 776, 0, 0, 0, 0, 0, 0, 0, 0),
	(242, 777, 0, 0, 0, 0, 0, 0, 0, 0),
	(243, 778, 0, 0, 0, 0, 0, 0, 0, 0),
	(244, 779, 0, 0, 0, 0, 0, 0, 0, 0),
	(245, 780, 0, 0, 0, 0, 0, 0, 0, 0),
	(246, 781, 0, 0, 0, 0, 0, 0, 0, 0),
	(247, 782, 0, 0, 0, 0, 0, 0, 0, 0),
	(248, 783, 0, 0, 0, 0, 0, 0, 0, 0),
	(249, 784, 0, 0, 0, 0, 0, 0, 0, 0),
	(250, 785, 0, 0, 0, 0, 0, 0, 0, 0),
	(251, 786, 0, 0, 0, 0, 0, 0, 0, 0),
	(252, 787, 0, 0, 0, 0, 0, 0, 0, 0),
	(253, 788, 0, 0, 0, 0, 0, 0, 0, 0),
	(254, 789, 0, 0, 0, 0, 0, 0, 0, 0),
	(255, 790, 0, 0, 0, 0, 0, 0, 0, 0),
	(256, 791, 0, 0, 0, 0, 0, 0, 0, 0),
	(257, 792, 0, 0, 0, 0, 0, 0, 0, 0),
	(258, 793, 0, 0, 0, 0, 0, 0, 0, 0),
	(259, 794, 0, 0, 0, 0, 0, 0, 0, 0),
	(260, 795, 0, 0, 0, 0, 0, 0, 0, 0),
	(261, 796, 0, 0, 0, 0, 0, 0, 0, 0),
	(262, 797, 0, 0, 0, 0, 0, 0, 0, 0),
	(263, 798, 0, 0, 0, 0, 0, 0, 0, 0),
	(264, 799, 0, 0, 0, 0, 0, 0, 0, 0),
	(265, 800, 0, 0, 0, 0, 0, 0, 0, 0),
	(266, 801, 0, 0, 0, 0, 0, 0, 0, 0),
	(267, 802, 0, 0, 0, 0, 0, 0, 0, 0),
	(268, 803, 0, 0, 0, 0, 0, 0, 0, 0),
	(269, 804, 0, 0, 0, 0, 0, 0, 0, 0),
	(270, 805, 0, 0, 0, 0, 0, 0, 0, 0),
	(271, 806, 0, 0, 0, 0, 0, 0, 0, 0),
	(272, 807, 0, 0, 0, 0, 0, 0, 0, 0),
	(273, 808, 0, 0, 0, 0, 0, 0, 0, 0),
	(274, 809, 0, 0, 0, 0, 0, 0, 0, 0),
	(275, 810, 0, 0, 0, 0, 0, 0, 0, 0),
	(276, 811, 0, 0, 0, 0, 0, 0, 0, 0),
	(277, 812, 0, 0, 0, 0, 0, 0, 0, 0),
	(278, 813, 0, 0, 0, 0, 0, 0, 0, 0),
	(279, 814, 0, 0, 0, 0, 0, 0, 0, 0),
	(280, 815, 0, 0, 0, 0, 0, 0, 0, 0),
	(281, 816, 0, 0, 0, 0, 0, 0, 0, 0),
	(282, 817, 0, 0, 0, 0, 0, 0, 0, 0),
	(283, 818, 0, 0, 0, 0, 0, 0, 0, 0),
	(284, 819, 0, 0, 0, 0, 0, 0, 0, 0),
	(285, 820, 0, 0, 0, 0, 0, 0, 0, 0),
	(286, 821, 0, 0, 0, 0, 0, 0, 0, 0),
	(287, 822, 0, 0, 0, 0, 0, 0, 0, 0),
	(288, 823, 0, 0, 0, 0, 0, 0, 0, 0),
	(289, 824, 0, 0, 0, 0, 0, 0, 0, 0),
	(290, 825, 0, 0, 0, 0, 0, 0, 0, 0),
	(291, 826, 0, 0, 0, 0, 0, 0, 0, 0),
	(292, 827, 0, 0, 0, 0, 0, 0, 0, 0),
	(293, 828, 0, 0, 0, 0, 0, 0, 0, 0),
	(294, 829, 0, 0, 0, 0, 0, 0, 0, 0),
	(295, 830, 0, 0, 0, 0, 0, 0, 0, 0),
	(296, 831, 0, 0, 0, 0, 0, 0, 0, 0),
	(297, 832, 0, 0, 0, 0, 0, 0, 0, 0),
	(298, 833, 0, 0, 0, 0, 0, 0, 0, 0),
	(299, 834, 0, 0, 0, 0, 0, 0, 0, 0),
	(300, 835, 0, 0, 0, 0, 0, 0, 0, 0),
	(301, 836, 0, 0, 0, 0, 0, 0, 0, 0),
	(302, 837, 0, 0, 0, 0, 0, 0, 0, 0),
	(303, 838, 0, 0, 0, 0, 0, 0, 0, 0),
	(304, 839, 0, 0, 0, 0, 0, 0, 0, 0),
	(305, 840, 0, 0, 0, 0, 0, 0, 0, 0),
	(306, 841, 0, 0, 0, 0, 0, 0, 0, 0),
	(307, 842, 0, 0, 0, 0, 0, 0, 0, 0),
	(308, 843, 0, 0, 0, 0, 0, 0, 0, 0),
	(309, 844, 0, 0, 0, 0, 0, 0, 0, 0),
	(310, 845, 0, 0, 0, 0, 0, 0, 0, 0),
	(311, 846, 0, 0, 0, 0, 0, 0, 0, 0),
	(312, 847, 0, 0, 0, 0, 0, 0, 0, 0),
	(313, 848, 0, 0, 0, 0, 0, 0, 0, 0),
	(314, 849, 0, 0, 0, 0, 0, 0, 0, 0),
	(315, 850, 0, 0, 0, 0, 0, 0, 0, 0),
	(316, 851, 0, 0, 0, 0, 0, 0, 0, 0),
	(317, 852, 0, 0, 0, 0, 0, 0, 0, 0),
	(318, 853, 0, 0, 0, 0, 0, 0, 0, 0),
	(319, 854, 0, 0, 0, 0, 0, 0, 0, 0),
	(320, 855, 0, 0, 0, 0, 0, 0, 0, 0),
	(321, 856, 0, 0, 0, 0, 0, 0, 0, 0),
	(322, 857, 0, 0, 0, 0, 0, 0, 0, 0),
	(323, 858, 0, 0, 0, 0, 0, 0, 0, 0),
	(324, 859, 0, 0, 0, 0, 0, 0, 0, 0),
	(325, 860, 0, 0, 0, 0, 0, 0, 0, 0),
	(326, 861, 0, 0, 0, 0, 0, 0, 0, 0),
	(327, 862, 0, 0, 0, 0, 0, 0, 0, 0),
	(328, 863, 0, 0, 0, 0, 0, 0, 0, 0),
	(329, 864, 0, 0, 0, 0, 0, 0, 0, 0),
	(330, 865, 0, 0, 0, 0, 0, 0, 0, 0),
	(331, 866, 0, 0, 0, 0, 0, 0, 0, 0),
	(332, 867, 0, 0, 0, 0, 0, 0, 0, 0),
	(333, 868, 0, 0, 0, 0, 0, 0, 0, 0),
	(334, 869, 0, 0, 0, 0, 0, 0, 0, 0),
	(335, 870, 0, 0, 0, 0, 0, 0, 0, 0),
	(336, 871, 0, 0, 0, 0, 0, 0, 0, 0),
	(337, 872, 0, 0, 0, 0, 0, 0, 0, 0),
	(338, 873, 0, 0, 0, 0, 0, 0, 0, 0),
	(339, 874, 0, 0, 0, 0, 0, 0, 0, 0),
	(340, 875, 0, 0, 0, 0, 0, 0, 0, 0),
	(341, 876, 0, 0, 0, 0, 0, 0, 0, 0),
	(342, 877, 0, 0, 0, 0, 0, 0, 0, 0),
	(343, 878, 0, 0, 0, 0, 0, 0, 0, 0),
	(344, 879, 0, 0, 0, 0, 0, 0, 0, 0),
	(345, 880, 0, 0, 0, 0, 0, 0, 0, 0),
	(346, 881, 0, 0, 0, 0, 0, 0, 0, 0),
	(347, 882, 0, 0, 0, 0, 0, 0, 0, 0),
	(348, 883, 0, 0, 0, 0, 0, 0, 0, 0),
	(349, 884, 0, 0, 0, 0, 0, 0, 0, 0),
	(350, 885, 0, 0, 0, 0, 0, 0, 0, 0),
	(351, 886, 0, 0, 0, 0, 0, 0, 0, 0),
	(352, 887, 0, 0, 0, 0, 0, 0, 0, 0),
	(353, 888, 0, 0, 0, 0, 0, 0, 0, 0),
	(354, 889, 0, 0, 0, 0, 0, 0, 0, 0),
	(355, 890, 0, 0, 0, 0, 0, 0, 0, 0),
	(356, 891, 0, 0, 0, 0, 0, 0, 0, 0),
	(357, 892, 0, 0, 0, 0, 0, 0, 0, 0),
	(358, 893, 0, 0, 0, 0, 0, 0, 0, 0),
	(359, 894, 0, 0, 0, 0, 0, 0, 0, 0),
	(360, 895, 0, 0, 0, 0, 0, 0, 0, 0),
	(361, 896, 0, 0, 0, 0, 0, 0, 0, 0),
	(362, 897, 0, 0, 0, 0, 0, 0, 0, 0),
	(363, 898, 0, 0, 0, 0, 0, 0, 0, 0),
	(364, 899, 0, 0, 0, 0, 0, 0, 0, 0),
	(365, 900, 0, 0, 0, 0, 0, 0, 0, 0),
	(366, 901, 0, 0, 0, 0, 0, 0, 0, 0),
	(367, 902, 0, 0, 0, 0, 0, 0, 0, 0),
	(368, 903, 0, 0, 0, 0, 0, 0, 0, 0),
	(369, 904, 0, 0, 0, 0, 0, 0, 0, 0),
	(370, 905, 0, 0, 0, 0, 0, 0, 0, 0),
	(371, 906, 0, 0, 0, 0, 0, 0, 0, 0),
	(372, 907, 0, 0, 0, 0, 0, 0, 0, 0),
	(373, 908, 0, 0, 0, 0, 0, 0, 0, 0),
	(374, 909, 0, 0, 0, 0, 0, 0, 0, 0),
	(375, 910, 0, 0, 0, 0, 0, 0, 0, 0),
	(376, 911, 0, 0, 0, 0, 0, 0, 0, 0),
	(377, 912, 0, 0, 0, 0, 0, 0, 0, 0),
	(378, 913, 0, 0, 0, 0, 0, 0, 0, 0),
	(379, 914, 0, 0, 0, 0, 0, 0, 0, 0),
	(380, 915, 0, 0, 0, 0, 0, 0, 0, 0),
	(381, 916, 0, 0, 0, 0, 0, 0, 0, 0),
	(382, 917, 0, 0, 0, 0, 0, 0, 0, 0),
	(383, 918, 0, 0, 0, 0, 0, 0, 0, 0),
	(384, 919, 0, 0, 0, 0, 0, 0, 0, 0),
	(385, 920, 0, 0, 0, 0, 0, 0, 0, 0),
	(386, 921, 0, 0, 0, 0, 0, 0, 0, 0),
	(387, 922, 0, 0, 0, 0, 0, 0, 0, 0),
	(388, 923, 0, 0, 0, 0, 0, 0, 0, 0),
	(389, 924, 0, 0, 0, 0, 0, 0, 0, 0),
	(390, 925, 0, 0, 0, 0, 0, 0, 0, 0),
	(391, 926, 0, 0, 0, 0, 0, 0, 0, 0),
	(392, 927, 0, 0, 0, 0, 0, 0, 0, 0),
	(393, 928, 0, 0, 0, 0, 0, 0, 0, 0),
	(394, 929, 0, 0, 0, 0, 0, 0, 0, 0),
	(395, 930, 0, 0, 0, 0, 0, 0, 0, 0),
	(396, 931, 0, 0, 0, 0, 0, 0, 0, 0),
	(397, 932, 0, 0, 0, 0, 0, 0, 0, 0),
	(398, 933, 0, 0, 0, 0, 0, 0, 0, 0),
	(399, 934, 0, 0, 0, 0, 0, 0, 0, 0),
	(400, 935, 0, 0, 0, 0, 0, 0, 0, 0),
	(401, 936, 0, 0, 0, 0, 0, 0, 0, 0),
	(402, 937, 0, 0, 0, 0, 0, 0, 0, 0),
	(403, 938, 0, 0, 0, 0, 0, 0, 0, 0),
	(404, 939, 0, 0, 0, 0, 0, 0, 0, 0),
	(405, 940, 0, 0, 0, 0, 0, 0, 0, 0),
	(406, 941, 0, 0, 0, 0, 0, 0, 0, 0),
	(407, 942, 0, 0, 0, 0, 0, 0, 0, 0),
	(408, 943, 0, 0, 0, 0, 0, 0, 0, 0),
	(409, 944, 0, 0, 0, 0, 0, 0, 0, 0),
	(410, 945, 0, 0, 0, 0, 0, 0, 0, 0),
	(411, 946, 0, 0, 0, 0, 0, 0, 0, 0),
	(412, 947, 0, 0, 0, 0, 0, 0, 0, 0),
	(413, 948, 0, 0, 0, 0, 0, 0, 0, 0),
	(414, 949, 0, 0, 0, 0, 0, 0, 0, 0),
	(415, 950, 0, 0, 0, 0, 0, 0, 0, 0),
	(416, 951, 0, 0, 0, 0, 0, 0, 0, 0),
	(417, 952, 0, 0, 0, 0, 0, 0, 0, 0),
	(418, 953, 0, 0, 0, 0, 0, 0, 0, 0),
	(419, 954, 0, 0, 0, 0, 0, 0, 0, 0),
	(420, 955, 0, 0, 0, 0, 0, 0, 0, 0),
	(421, 956, 0, 0, 0, 0, 0, 0, 0, 0),
	(422, 957, 0, 0, 0, 0, 0, 0, 0, 0),
	(423, 958, 0, 0, 0, 0, 0, 0, 0, 0),
	(424, 959, 0, 0, 0, 0, 0, 0, 0, 0),
	(425, 960, 0, 0, 0, 0, 0, 0, 0, 0),
	(426, 961, 0, 0, 0, 0, 0, 0, 0, 0),
	(427, 962, 0, 0, 0, 0, 0, 0, 0, 0),
	(428, 963, 0, 0, 0, 0, 0, 0, 0, 0),
	(429, 964, 0, 0, 0, 0, 0, 0, 0, 0),
	(430, 965, 0, 0, 0, 0, 0, 0, 0, 0),
	(431, 966, 0, 0, 0, 0, 0, 0, 0, 0),
	(432, 967, 0, 0, 0, 0, 0, 0, 0, 0),
	(433, 968, 0, 0, 0, 0, 0, 0, 0, 0),
	(434, 969, 0, 0, 0, 0, 0, 0, 0, 0),
	(435, 970, 0, 0, 0, 0, 0, 0, 0, 0),
	(436, 971, 0, 0, 0, 0, 0, 0, 0, 0),
	(437, 972, 0, 0, 0, 0, 0, 0, 0, 0),
	(438, 973, 0, 0, 0, 0, 0, 0, 0, 0),
	(439, 974, 0, 0, 0, 0, 0, 0, 0, 0),
	(440, 975, 0, 0, 0, 0, 0, 0, 0, 0),
	(441, 976, 0, 0, 0, 0, 0, 0, 0, 0),
	(442, 977, 0, 0, 0, 0, 0, 0, 0, 0),
	(443, 978, 0, 0, 0, 0, 0, 0, 0, 0),
	(444, 979, 0, 0, 0, 0, 0, 0, 0, 0),
	(445, 980, 0, 0, 0, 0, 0, 0, 0, 0),
	(446, 981, 0, 0, 0, 0, 0, 0, 0, 0),
	(447, 982, 0, 0, 0, 0, 0, 0, 0, 0),
	(448, 983, 0, 0, 0, 0, 0, 0, 0, 0),
	(449, 984, 0, 0, 0, 0, 0, 0, 0, 0),
	(450, 985, 0, 0, 0, 0, 0, 0, 0, 0),
	(451, 986, 0, 0, 0, 0, 0, 0, 0, 0),
	(452, 987, 0, 0, 0, 0, 0, 0, 0, 0),
	(453, 988, 0, 0, 0, 0, 0, 0, 0, 0),
	(454, 989, 0, 0, 0, 0, 0, 0, 0, 0),
	(455, 990, 0, 0, 0, 0, 0, 0, 0, 0),
	(456, 991, 0, 0, 0, 0, 0, 0, 0, 0),
	(457, 992, 0, 0, 0, 0, 0, 0, 0, 0),
	(458, 993, 0, 0, 0, 0, 0, 0, 0, 0),
	(459, 994, 0, 0, 0, 0, 0, 0, 0, 0),
	(460, 995, 0, 0, 0, 0, 0, 0, 0, 0),
	(461, 996, 0, 0, 0, 0, 0, 0, 0, 0),
	(462, 997, 0, 0, 0, 0, 0, 0, 0, 0),
	(463, 998, 0, 0, 0, 0, 0, 0, 0, 0),
	(464, 999, 0, 0, 0, 0, 0, 0, 0, 0),
	(465, 1000, 0, 0, 0, 0, 0, 0, 0, 0),
	(466, 1001, 0, 0, 0, 0, 0, 0, 0, 0),
	(467, 1002, 0, 0, 0, 0, 0, 0, 0, 0),
	(468, 1003, 0, 0, 0, 0, 0, 0, 0, 0),
	(469, 1004, 0, 0, 0, 0, 0, 0, 0, 0),
	(470, 1005, 0, 0, 0, 0, 0, 0, 0, 0),
	(471, 1006, 0, 0, 0, 0, 0, 0, 0, 0),
	(472, 1007, 0, 0, 0, 0, 0, 0, 0, 0),
	(473, 1008, 0, 0, 0, 0, 0, 0, 0, 0),
	(474, 1009, 0, 0, 0, 0, 0, 0, 0, 0),
	(475, 1010, 0, 0, 0, 0, 0, 0, 0, 0),
	(476, 1011, 0, 0, 0, 0, 0, 0, 0, 0),
	(477, 1012, 0, 0, 0, 0, 0, 0, 0, 0),
	(478, 1013, 0, 0, 0, 0, 0, 0, 0, 0),
	(479, 1014, 0, 0, 0, 0, 0, 0, 0, 0),
	(480, 1015, 0, 0, 0, 0, 0, 0, 0, 0),
	(481, 1016, 0, 0, 0, 0, 0, 0, 0, 0),
	(482, 1017, 0, 0, 0, 0, 0, 0, 0, 0),
	(483, 1018, 0, 0, 0, 0, 0, 0, 0, 0),
	(484, 1019, 0, 0, 0, 0, 0, 0, 0, 0),
	(485, 1020, 0, 0, 0, 0, 0, 0, 0, 0),
	(486, 1021, 0, 0, 0, 0, 0, 0, 0, 0),
	(487, 1022, 0, 0, 0, 0, 0, 0, 0, 0),
	(488, 1023, 0, 0, 0, 0, 0, 0, 0, 0),
	(489, 1024, 0, 0, 0, 0, 0, 0, 0, 0),
	(490, 1025, 0, 0, 0, 0, 0, 0, 0, 0),
	(491, 1026, 0, 0, 0, 0, 0, 0, 0, 0),
	(492, 1027, 0, 0, 0, 0, 0, 0, 0, 0),
	(493, 1028, 0, 0, 0, 0, 0, 0, 0, 0),
	(494, 1029, 0, 0, 0, 0, 0, 0, 0, 0),
	(495, 1030, 0, 0, 0, 0, 0, 0, 0, 0),
	(496, 1031, 0, 0, 0, 0, 0, 0, 0, 0),
	(497, 1032, 0, 0, 0, 0, 0, 0, 0, 0),
	(498, 1033, 0, 0, 0, 0, 0, 0, 0, 0),
	(499, 1034, 0, 0, 0, 0, 0, 0, 0, 0),
	(500, 1035, 0, 0, 0, 0, 0, 0, 0, 0);

/*!40000 ALTER TABLE `conteo_asistencia` ENABLE KEYS */;
UNLOCK TABLES;



# Dump of table cursos
# ------------------------------------------------------------

DROP TABLE IF EXISTS `cursos`;

CREATE TABLE `cursos` (
  `curso` int DEFAULT NULL,
  `division` char(1) DEFAULT NULL,
  `id` int NOT NULL AUTO_INCREMENT,
  `turno` int DEFAULT NULL,
  PRIMARY KEY (`id`)
) ENGINE=InnoDB AUTO_INCREMENT=22 DEFAULT CHARSET=utf8mb4 COLLATE=utf8mb4_0900_ai_ci;

LOCK TABLES `cursos` WRITE;
/*!40000 ALTER TABLE `cursos` DISABLE KEYS */;

INSERT INTO `cursos` (`curso`, `division`, `id`, `turno`) VALUES
	(1, "A", 1, 1),
	(1, "B", 2, 1),
	(1, "C", 3, 1),
	(1, "D", 4, 1),
	(1, "E", 5, 1),
	(2, "A", 6, 1),
	(2, "B", 7, 1),
	(2, "C", 8, 1),
	(2, "D", 9, 1),
	(3, "C", 10, 1),
	(3, "D", 11, 1),
	(4, "C", 12, 1),
	(4, "D", 13, 1),
	(5, "B", 14, 1),
	(6, "B", 15, 1),
	(3, "A", 16, 0),
	(3, "B", 17, 0),
	(4, "A", 18, 0),
	(4, "B", 19, 0),
	(5, "A", 20, 0),
	(6, "A", 21, 0);

/*!40000 ALTER TABLE `cursos` ENABLE KEYS */;
UNLOCK TABLES;



# Dump of table horarios
# ------------------------------------------------------------

DROP TABLE IF EXISTS `horarios`;

CREATE TABLE `horarios` (
  `dia` tinyint DEFAULT NULL,
  `horario_entrada` time(6) DEFAULT NULL,
  `horario_salida` time(6) DEFAULT NULL,
  `id` int NOT NULL AUTO_INCREMENT,
  `id_curso` int DEFAULT NULL,
  `valor_inasistencia` float DEFAULT NULL,
  `clase` varchar(255) CHARACTER SET utf8mb4 COLLATE utf8mb4_0900_ai_ci DEFAULT NULL,
  PRIMARY KEY (`id`),
  KEY `HORARIO_CURSO_FK` (`id_curso`),
  CONSTRAINT `HORARIO_CURSO_FK` FOREIGN KEY (`id_curso`) REFERENCES `cursos` (`id`) ON DELETE CASCADE ON UPDATE CASCADE,
  CONSTRAINT `horarios_chk_1` CHECK ((`dia` between 0 and 6))
) ENGINE=InnoDB AUTO_INCREMENT=190 DEFAULT CHARSET=utf8mb4 COLLATE=utf8mb4_0900_ai_ci;

LOCK TABLES `horarios` WRITE;
/*!40000 ALTER TABLE `horarios` DISABLE KEYS */;

INSERT INTO `horarios` (`dia`, `horario_entrada`, `horario_salida`, `id`, `id_curso`, `valor_inasistencia`, `clase`) VALUES
	(0, "07:30:00.000000", "12:30:00.000000", 1, 16, 0.5, "CATEDRA"),
	(0, "07:30:00.000000", "12:30:00.000000", 2, 17, 0.5, "CATEDRA"),
	(0, "07:30:00.000000", "12:30:00.000000", 3, 18, 0.5, "CATEDRA"),
	(0, "07:30:00.000000", "12:30:00.000000", 4, 19, 0.5, "CATEDRA"),
	(0, "07:30:00.000000", "12:30:00.000000", 5, 20, 0.5, "CATEDRA"),
	(0, "07:30:00.000000", "12:30:00.000000", 6, 21, 0.5, "CATEDRA"),
	(1, "07:30:00.000000", "12:30:00.000000", 7, 16, 0.5, "CATEDRA"),
	(1, "07:30:00.000000", "12:30:00.000000", 8, 17, 0.5, "CATEDRA"),
	(1, "07:30:00.000000", "12:30:00.000000", 9, 18, 0.5, "CATEDRA"),
	(1, "07:30:00.000000", "12:30:00.000000", 10, 19, 0.5, "CATEDRA"),
	(1, "07:30:00.000000", "12:30:00.000000", 11, 20, 0.5, "CATEDRA"),
	(1, "07:30:00.000000", "12:30:00.000000", 12, 21, 0.5, "CATEDRA"),
	(2, "07:30:00.000000", "12:30:00.000000", 13, 16, 1, "CATEDRA"),
	(2, "07:30:00.000000", "12:30:00.000000", 14, 17, 1, "CATEDRA"),
	(2, "07:30:00.000000", "12:30:00.000000", 15, 18, 1, "CATEDRA"),
	(2, "07:30:00.000000", "12:30:00.000000", 16, 19, 1, "CATEDRA"),
	(2, "07:30:00.000000", "12:30:00.000000", 17, 20, 1, "CATEDRA"),
	(2, "07:30:00.000000", "12:30:00.000000", 18, 21, 1, "CATEDRA"),
	(3, "07:30:00.000000", "12:30:00.000000", 19, 16, 1, "CATEDRA"),
	(3, "07:30:00.000000", "12:30:00.000000", 20, 17, 1, "CATEDRA"),
	(3, "07:30:00.000000", "12:30:00.000000", 21, 18, 1, "CATEDRA"),
	(3, "07:30:00.000000", "12:30:00.000000", 22, 19, 1, "CATEDRA"),
	(3, "07:30:00.000000", "12:30:00.000000", 23, 20, 1, "CATEDRA"),
	(3, "07:30:00.000000", "12:30:00.000000", 24, 21, 1, "CATEDRA"),
	(4, "07:30:00.000000", "12:30:00.000000", 25, 16, 1, "CATEDRA"),
	(4, "07:30:00.000000", "12:30:00.000000", 26, 17, 1, "CATEDRA"),
	(4, "07:30:00.000000", "12:30:00.000000", 27, 18, 1, "CATEDRA"),
	(4, "07:30:00.000000", "12:30:00.000000", 28, 19, 1, "CATEDRA"),
	(4, "07:30:00.000000", "12:30:00.000000", 29, 20, 1, "CATEDRA"),
	(4, "07:30:00.000000", "12:30:00.000000", 30, 21, 1, "CATEDRA"),
	(0, "07:30:00.000000", "12:30:00.000000", 31, 16, 0.5, "TALLERES"),
	(0, "07:30:00.000000", "12:30:00.000000", 32, 17, 0.5, "TALLERES"),
	(0, "07:30:00.000000", "12:30:00.000000", 33, 18, 0.5, "TALLERES"),
	(0, "07:30:00.000000", "12:30:00.000000", 34, 19, 0.5, "TALLERES"),
	(0, "07:30:00.000000", "12:30:00.000000", 35, 20, 0.5, "TALLERES"),
	(0, "07:30:00.000000", "12:30:00.000000", 36, 21, 0.5, "TALLERES"),
	(1, "07:30:00.000000", "12:30:00.000000", 37, 16, 0.5, "TALLERES"),
	(1, "07:30:00.000000", "12:30:00.000000", 38, 17, 0.5, "TALLERES"),
	(1, "07:30:00.000000", "12:30:00.000000", 39, 18, 0.5, "TALLERES"),
	(1, "07:30:00.000000", "12:30:00.000000", 40, 19, 0.5, "TALLERES"),
	(1, "07:30:00.000000", "12:30:00.000000", 41, 20, 0.5, "TALLERES"),
	(1, "07:30:00.000000", "12:30:00.000000", 42, 21, 0.5, "TALLERES"),
	(3, "07:30:00.000000", "12:30:00.000000", 43, 16, 0.25, "EDFISICA"),
	(3, "07:30:00.000000", "12:30:00.000000", 44, 17, 0.25, "EDFISICA"),
	(3, "07:30:00.000000", "12:30:00.000000", 45, 18, 0.25, "EDFISICA"),
	(3, "07:30:00.000000", "12:30:00.000000", 46, 19, 0.25, "EDFISICA"),
	(3, "07:30:00.000000", "12:30:00.000000", 47, 20, 0.25, "EDFISICA"),
	(3, "07:30:00.000000", "12:30:00.000000", 48, 21, 0.25, "EDFISICA"),
	(4, "07:30:00.000000", "12:30:00.000000", 49, 16, 0.25, "EDFISICA"),
	(4, "07:30:00.000000", "12:30:00.000000", 50, 17, 0.25, "EDFISICA"),
	(4, "07:30:00.000000", "12:30:00.000000", 51, 18, 0.25, "EDFISICA"),
	(4, "07:30:00.000000", "12:30:00.000000", 52, 19, 0.25, "EDFISICA"),
	(4, "07:30:00.000000", "12:30:00.000000", 53, 20, 0.25, "EDFISICA"),
	(4, "07:30:00.000000", "12:30:00.000000", 54, 21, 0.25, "EDFISICA"),
	(0, "13:00:00.000000", "17:00:00.000000", 55, 1, 0.5, "CATEDRA"),
	(0, "13:00:00.000000", "17:00:00.000000", 56, 2, 0.5, "CATEDRA"),
	(0, "13:00:00.000000", "17:00:00.000000", 57, 3, 0.5, "CATEDRA"),
	(0, "13:00:00.000000", "17:00:00.000000", 58, 4, 0.5, "CATEDRA"),
	(0, "13:00:00.000000", "17:00:00.000000", 59, 5, 0.5, "CATEDRA"),
	(0, "13:00:00.000000", "17:00:00.000000", 60, 6, 0.5, "CATEDRA"),
	(0, "13:00:00.000000", "17:00:00.000000", 61, 7, 0.5, "CATEDRA"),
	(0, "13:00:00.000000", "17:00:00.000000", 62, 8, 0.5, "CATEDRA"),
	(0, "13:00:00.000000", "17:00:00.000000", 63, 9, 0.5, "CATEDRA"),
	(0, "13:00:00.000000", "17:00:00.000000", 64, 10, 0.5, "CATEDRA"),
	(0, "13:00:00.000000", "17:00:00.000000", 65, 11, 0.5, "CATEDRA"),
	(0, "13:00:00.000000", "17:00:00.000000", 66, 12, 0.5, "CATEDRA"),
	(0, "13:00:00.000000", "17:00:00.000000", 67, 13, 0.5, "CATEDRA"),
	(0, "13:00:00.000000", "17:00:00.000000", 68, 14, 0.5, "CATEDRA"),
	(0, "13:00:00.000000", "17:00:00.000000", 69, 15, 0.5, "CATEDRA"),
	(1, "13:00:00.000000", "17:00:00.000000", 70, 1, 0.5, "CATEDRA"),
	(1, "13:00:00.000000", "17:00:00.000000", 71, 2, 0.5, "CATEDRA"),
	(1, "13:00:00.000000", "17:00:00.000000", 72, 3, 0.5, "CATEDRA"),
	(1, "13:00:00.000000", "17:00:00.000000", 73, 4, 0.5, "CATEDRA"),
	(1, "13:00:00.000000", "17:00:00.000000", 74, 5, 0.5, "CATEDRA"),
	(1, "13:00:00.000000", "17:00:00.000000", 75, 6, 0.5, "CATEDRA"),
	(1, "13:00:00.000000", "17:00:00.000000", 76, 7, 0.5, "CATEDRA"),
	(1, "13:00:00.000000", "17:00:00.000000", 77, 8, 0.5, "CATEDRA"),
	(1, "13:00:00.000000", "17:00:00.000000", 78, 9, 0.5, "CATEDRA"),
	(1, "13:00:00.000000", "17:00:00.000000", 79, 10, 0.5, "CATEDRA"),
	(1, "13:00:00.000000", "17:00:00.000000", 80, 11, 0.5, "CATEDRA"),
	(1, "13:00:00.000000", "17:00:00.000000", 81, 12, 0.5, "CATEDRA"),
	(1, "13:00:00.000000", "17:00:00.000000", 82, 13, 0.5, "CATEDRA"),
	(1, "13:00:00.000000", "17:00:00.000000", 83, 14, 0.5, "CATEDRA"),
	(1, "13:00:00.000000", "17:00:00.000000", 84, 15, 0.5, "CATEDRA"),
	(2, "13:00:00.000000", "17:00:00.000000", 85, 1, 1, "CATEDRA"),
	(2, "13:00:00.000000", "17:00:00.000000", 86, 2, 1, "CATEDRA"),
	(2, "13:00:00.000000", "17:00:00.000000", 87, 3, 1, "CATEDRA"),
	(2, "13:00:00.000000", "17:00:00.000000", 88, 4, 1, "CATEDRA"),
	(2, "13:00:00.000000", "17:00:00.000000", 89, 5, 1, "CATEDRA"),
	(2, "13:00:00.000000", "17:00:00.000000", 90, 6, 1, "CATEDRA"),
	(2, "13:00:00.000000", "17:00:00.000000", 91, 7, 1, "CATEDRA"),
	(2, "13:00:00.000000", "17:00:00.000000", 92, 8, 1, "CATEDRA"),
	(2, "13:00:00.000000", "17:00:00.000000", 93, 9, 1, "CATEDRA"),
	(2, "13:00:00.000000", "17:00:00.000000", 94, 10, 1, "CATEDRA"),
	(2, "13:00:00.000000", "17:00:00.000000", 95, 11, 1, "CATEDRA"),
	(2, "13:00:00.000000", "17:00:00.000000", 96, 12, 1, "CATEDRA"),
	(2, "13:00:00.000000", "17:00:00.000000", 97, 13, 1, "CATEDRA"),
	(2, "13:00:00.000000", "17:00:00.000000", 98, 14, 1, "CATEDRA"),
	(2, "13:00:00.000000", "17:00:00.000000", 99, 15, 1, "CATEDRA"),
	(3, "13:00:00.000000", "17:00:00.000000", 100, 1, 1, "CATEDRA"),
	(3, "13:00:00.000000", "17:00:00.000000", 101, 2, 1, "CATEDRA"),
	(3, "13:00:00.000000", "17:00:00.000000", 102, 3, 1, "CATEDRA"),
	(3, "13:00:00.000000", "17:00:00.000000", 103, 4, 1, "CATEDRA"),
	(3, "13:00:00.000000", "17:00:00.000000", 104, 5, 1, "CATEDRA"),
	(3, "13:00:00.000000", "17:00:00.000000", 105, 6, 1, "CATEDRA"),
	(3, "13:00:00.000000", "17:00:00.000000", 106, 7, 1, "CATEDRA"),
	(3, "13:00:00.000000", "17:00:00.000000", 107, 8, 1, "CATEDRA"),
	(3, "13:00:00.000000", "17:00:00.000000", 108, 9, 1, "CATEDRA"),
	(3, "13:00:00.000000", "17:00:00.000000", 109, 10, 1, "CATEDRA"),
	(3, "13:00:00.000000", "17:00:00.000000", 110, 11, 1, "CATEDRA"),
	(3, "13:00:00.000000", "17:00:00.000000", 111, 12, 1, "CATEDRA"),
	(3, "13:00:00.000000", "17:00:00.000000", 112, 13, 1, "CATEDRA"),
	(3, "13:00:00.000000", "17:00:00.000000", 113, 14, 1, "CATEDRA"),
	(3, "13:00:00.000000", "17:00:00.000000", 114, 15, 1, "CATEDRA"),
	(4, "13:00:00.000000", "17:00:00.000000", 115, 1, 1, "CATEDRA"),
	(4, "13:00:00.000000", "17:00:00.000000", 116, 2, 1, "CATEDRA"),
	(4, "13:00:00.000000", "17:00:00.000000", 117, 3, 1, "CATEDRA"),
	(4, "13:00:00.000000", "17:00:00.000000", 118, 4, 1, "CATEDRA"),
	(4, "13:00:00.000000", "17:00:00.000000", 119, 5, 1, "CATEDRA"),
	(4, "13:00:00.000000", "17:00:00.000000", 120, 6, 1, "CATEDRA"),
	(4, "13:00:00.000000", "17:00:00.000000", 121, 7, 1, "CATEDRA"),
	(4, "13:00:00.000000", "17:00:00.000000", 122, 8, 1, "CATEDRA"),
	(4, "13:00:00.000000", "17:00:00.000000", 123, 9, 1, "CATEDRA"),
	(4, "13:00:00.000000", "17:00:00.000000", 124, 10, 1, "CATEDRA"),
	(4, "13:00:00.000000", "17:00:00.000000", 125, 11, 1, "CATEDRA"),
	(4, "13:00:00.000000", "17:00:00.000000", 126, 12, 1, "CATEDRA"),
	(4, "13:00:00.000000", "17:00:00.000000", 127, 13, 1, "CATEDRA"),
	(4, "13:00:00.000000", "17:00:00.000000", 128, 14, 1, "CATEDRA"),
	(4, "13:00:00.000000", "17:00:00.000000", 129, 15, 1, "CATEDRA"),
	(3, "13:00:00.000000", "17:00:00.000000", 130, 1, 0.25, "EDFISICA"),
	(3, "13:00:00.000000", "17:00:00.000000", 131, 2, 0.25, "EDFISICA"),
	(3, "13:00:00.000000", "17:00:00.000000", 132, 3, 0.25, "EDFISICA"),
	(3, "13:00:00.000000", "17:00:00.000000", 133, 4, 0.25, "EDFISICA"),
	(3, "13:00:00.000000", "17:00:00.000000", 134, 5, 0.25, "EDFISICA"),
	(3, "13:00:00.000000", "17:00:00.000000", 135, 6, 0.25, "EDFISICA"),
	(3, "13:00:00.000000", "17:00:00.000000", 136, 7, 0.25, "EDFISICA"),
	(3, "13:00:00.000000", "17:00:00.000000", 137, 8, 0.25, "EDFISICA"),
	(3, "13:00:00.000000", "17:00:00.000000", 138, 9, 0.25, "EDFISICA"),
	(3, "13:00:00.000000", "17:00:00.000000", 139, 10, 0.25, "EDFISICA"),
	(3, "13:00:00.000000", "17:00:00.000000", 140, 11, 0.25, "EDFISICA"),
	(3, "13:00:00.000000", "17:00:00.000000", 141, 12, 0.25, "EDFISICA"),
	(3, "13:00:00.000000", "17:00:00.000000", 142, 13, 0.25, "EDFISICA"),
	(3, "13:00:00.000000", "17:00:00.000000", 143, 14, 0.25, "EDFISICA"),
	(3, "13:00:00.000000", "17:00:00.000000", 144, 15, 0.25, "EDFISICA"),
	(4, "13:00:00.000000", "17:00:00.000000", 145, 1, 0.25, "EDFISICA"),
	(4, "13:00:00.000000", "17:00:00.000000", 146, 2, 0.25, "EDFISICA"),
	(4, "13:00:00.000000", "17:00:00.000000", 147, 3, 0.25, "EDFISICA"),
	(4, "13:00:00.000000", "17:00:00.000000", 148, 4, 0.25, "EDFISICA"),
	(4, "13:00:00.000000", "17:00:00.000000", 149, 5, 0.25, "EDFISICA"),
	(4, "13:00:00.000000", "17:00:00.000000", 150, 6, 0.25, "EDFISICA"),
	(4, "13:00:00.000000", "17:00:00.000000", 151, 7, 0.25, "EDFISICA"),
	(4, "13:00:00.000000", "17:00:00.000000", 152, 8, 0.25, "EDFISICA"),
	(4, "13:00:00.000000", "17:00:00.000000", 153, 9, 0.25, "EDFISICA"),
	(4, "13:00:00.000000", "17:00:00.000000", 154, 10, 0.25, "EDFISICA"),
	(4, "13:00:00.000000", "17:00:00.000000", 155, 11, 0.25, "EDFISICA"),
	(4, "13:00:00.000000", "17:00:00.000000", 156, 12, 0.25, "EDFISICA"),
	(4, "13:00:00.000000", "17:00:00.000000", 157, 13, 0.25, "EDFISICA"),
	(4, "13:00:00.000000", "17:00:00.000000", 158, 14, 0.25, "EDFISICA"),
	(4, "13:00:00.000000", "17:00:00.000000", 159, 15, 0.25, "EDFISICA"),
	(0, "13:00:00.000000", "17:00:00.000000", 160, 1, 0.5, "TALLERES"),
	(0, "13:00:00.000000", "17:00:00.000000", 161, 2, 0.5, "TALLERES"),
	(0, "13:00:00.000000", "17:00:00.000000", 162, 3, 0.5, "TALLERES"),
	(0, "13:00:00.000000", "17:00:00.000000", 163, 4, 0.5, "TALLERES"),
	(0, "13:00:00.000000", "17:00:00.000000", 164, 5, 0.5, "TALLERES"),
	(0, "13:00:00.000000", "17:00:00.000000", 165, 6, 0.5, "TALLERES"),
	(0, "13:00:00.000000", "17:00:00.000000", 166, 7, 0.5, "TALLERES"),
	(0, "13:00:00.000000", "17:00:00.000000", 167, 8, 0.5, "TALLERES"),
	(0, "13:00:00.000000", "17:00:00.000000", 168, 9, 0.5, "TALLERES"),
	(0, "13:00:00.000000", "17:00:00.000000", 169, 10, 0.5, "TALLERES"),
	(0, "13:00:00.000000", "17:00:00.000000", 170, 11, 0.5, "TALLERES"),
	(0, "13:00:00.000000", "17:00:00.000000", 171, 12, 0.5, "TALLERES"),
	(0, "13:00:00.000000", "17:00:00.000000", 172, 13, 0.5, "TALLERES"),
	(0, "13:00:00.000000", "17:00:00.000000", 173, 14, 0.5, "TALLERES"),
	(0, "13:00:00.000000", "17:00:00.000000", 174, 15, 0.5, "TALLERES"),
	(1, "13:00:00.000000", "17:00:00.000000", 175, 1, 0.5, "TALLERES"),
	(1, "13:00:00.000000", "17:00:00.000000", 176, 2, 0.5, "TALLERES"),
	(1, "13:00:00.000000", "17:00:00.000000", 177, 3, 0.5, "TALLERES"),
	(1, "13:00:00.000000", "17:00:00.000000", 178, 4, 0.5, "TALLERES"),
	(1, "13:00:00.000000", "17:00:00.000000", 179, 5, 0.5, "TALLERES"),
	(1, "13:00:00.000000", "17:00:00.000000", 180, 6, 0.5, "TALLERES"),
	(1, "13:00:00.000000", "17:00:00.000000", 181, 7, 0.5, "TALLERES"),
	(1, "13:00:00.000000", "17:00:00.000000", 182, 8, 0.5, "TALLERES"),
	(1, "13:00:00.000000", "17:00:00.000000", 183, 9, 0.5, "TALLERES"),
	(1, "13:00:00.000000", "17:00:00.000000", 184, 10, 0.5, "TALLERES"),
	(1, "13:00:00.000000", "17:00:00.000000", 185, 11, 0.5, "TALLERES"),
	(1, "13:00:00.000000", "17:00:00.000000", 186, 12, 0.5, "TALLERES"),
	(1, "13:00:00.000000", "17:00:00.000000", 187, 13, 0.5, "TALLERES"),
	(1, "13:00:00.000000", "17:00:00.000000", 188, 14, 0.5, "TALLERES"),
	(1, "13:00:00.000000", "17:00:00.000000", 189, 15, 0.5, "TALLERES");

/*!40000 ALTER TABLE `horarios` ENABLE KEYS */;
UNLOCK TABLES;



# Dump of table materia_curso
# ------------------------------------------------------------

DROP TABLE IF EXISTS `materia_curso`;

CREATE TABLE `materia_curso` (
  `id` int NOT NULL AUTO_INCREMENT,
  `id_curso` int NOT NULL,
  `id_materia` int NOT NULL,
  `hora_inicio` tinyint NOT NULL,
  `hora_fin` tinyint NOT NULL,
  `dia` tinyint NOT NULL,
  PRIMARY KEY (`id`),
  KEY `id_curso` (`id_curso`),
  KEY `id_materia` (`id_materia`),
  CONSTRAINT `FK_CURSO` FOREIGN KEY (`id_curso`) REFERENCES `cursos` (`id`) ON DELETE CASCADE ON UPDATE CASCADE,
  CONSTRAINT `FK_MATERIA` FOREIGN KEY (`id_materia`) REFERENCES `materias` (`id`) ON DELETE CASCADE ON UPDATE CASCADE
) ENGINE=InnoDB DEFAULT CHARSET=utf8mb4 COLLATE=utf8mb4_0900_ai_ci;





# Dump of table materias
# ------------------------------------------------------------

DROP TABLE IF EXISTS `materias`;

CREATE TABLE `materias` (
  `id` int NOT NULL AUTO_INCREMENT,
  `nombre` varchar(255) CHARACTER SET utf8mb4 COLLATE utf8mb4_0900_ai_ci DEFAULT NULL,
  PRIMARY KEY (`id`)
) ENGINE=InnoDB DEFAULT CHARSET=utf8mb4 COLLATE=utf8mb4_0900_ai_ci;





# Dump of table notas
# ------------------------------------------------------------

DROP TABLE IF EXISTS `notas`;

CREATE TABLE `notas` (
  `alumno_id` int DEFAULT NULL,
  `fecha` date DEFAULT NULL,
  `id` int NOT NULL AUTO_INCREMENT,
  `nivel_urgencia` int DEFAULT NULL,
  `vencimiento` date DEFAULT NULL,
  `asunto` varchar(255) DEFAULT NULL,
  `contenido` varchar(255) DEFAULT NULL,
  PRIMARY KEY (`id`),
  KEY `FKa9lly8ij9aui59h8x6sk3b9yr` (`alumno_id`),
  CONSTRAINT `FKa9lly8ij9aui59h8x6sk3b9yr` FOREIGN KEY (`alumno_id`) REFERENCES `alumnos` (`id`)
) ENGINE=InnoDB DEFAULT CHARSET=utf8mb4 COLLATE=utf8mb4_0900_ai_ci;





# Dump of table notification
# ------------------------------------------------------------

DROP TABLE IF EXISTS `notification`;

CREATE TABLE `notification` (
  `id` int NOT NULL AUTO_INCREMENT,
  `content` text CHARACTER SET utf8mb4 COLLATE utf8mb4_0900_ai_ci NOT NULL,
  `receiver_id` int NOT NULL,
  `date` date NOT NULL,
  `urgencia` tinyint NOT NULL DEFAULT '0',
  `sent` tinyint NOT NULL,
  PRIMARY KEY (`id`),
  KEY `receiver_id` (`receiver_id`),
  CONSTRAINT `FK_NOTIFICATION_USER` FOREIGN KEY (`receiver_id`) REFERENCES `users` (`id`) ON DELETE CASCADE ON UPDATE CASCADE
) ENGINE=InnoDB DEFAULT CHARSET=utf8mb4 COLLATE=utf8mb4_0900_ai_ci;





# Dump of table pdfs
# ------------------------------------------------------------

DROP TABLE IF EXISTS `pdfs`;

CREATE TABLE `pdfs` (
  `id` int NOT NULL AUTO_INCREMENT,
  `name` mediumtext CHARACTER SET utf8mb4 COLLATE utf8mb4_0900_ai_ci NOT NULL,
  PRIMARY KEY (`id`)
) ENGINE=InnoDB DEFAULT CHARSET=utf8mb4 COLLATE=utf8mb4_0900_ai_ci;





# Dump of table retirados
# ------------------------------------------------------------

DROP TABLE IF EXISTS `retirados`;

CREATE TABLE `retirados` (
  `id` int NOT NULL AUTO_INCREMENT,
  `fecha` datetime NOT NULL,
  `razon` text CHARACTER SET utf8mb4 COLLATE utf8mb4_0900_ai_ci NOT NULL,
  `alumno` int NOT NULL,
  `profesor` int DEFAULT NULL,
  PRIMARY KEY (`id`),
  KEY `alumno` (`alumno`),
  KEY `profesor` (`profesor`),
  CONSTRAINT `FK_HJR6` FOREIGN KEY (`alumno`) REFERENCES `alumnos` (`id`) ON DELETE CASCADE ON UPDATE CASCADE,
  CONSTRAINT `FK_V1K5` FOREIGN KEY (`profesor`) REFERENCES `users` (`id`) ON DELETE CASCADE ON UPDATE CASCADE
) ENGINE=InnoDB DEFAULT CHARSET=utf8mb4 COLLATE=utf8mb4_0900_ai_ci;





# Dump of table sensor_registry
# ------------------------------------------------------------

DROP TABLE IF EXISTS `sensor_registry`;

CREATE TABLE `sensor_registry` (
  `id` int NOT NULL AUTO_INCREMENT,
  `ip` varchar(255) CHARACTER SET utf8mb4 COLLATE utf8mb4_0900_ai_ci DEFAULT NULL,
  `ubicacion` varchar(255) CHARACTER SET utf8mb4 COLLATE utf8mb4_0900_ai_ci DEFAULT NULL,
  PRIMARY KEY (`id`)
) ENGINE=InnoDB AUTO_INCREMENT=2 DEFAULT CHARSET=utf8mb4 COLLATE=utf8mb4_0900_ai_ci;

LOCK TABLES `sensor_registry` WRITE;
/*!40000 ALTER TABLE `sensor_registry` DISABLE KEYS */;

INSERT INTO `sensor_registry` (`id`, `ip`, `ubicacion`) VALUES
	(1, "0.0.0.0", "Entrada");

/*!40000 ALTER TABLE `sensor_registry` ENABLE KEYS */;
UNLOCK TABLES;



# Dump of table stats
# ------------------------------------------------------------

DROP TABLE IF EXISTS `stats`;

CREATE TABLE `stats` (
  `valor` int DEFAULT NULL,
  `tipo` varchar(255) CHARACTER SET utf8mb4 COLLATE utf8mb4_0900_ai_ci NOT NULL,
  PRIMARY KEY (`tipo`)
) ENGINE=InnoDB DEFAULT CHARSET=utf8mb4 COLLATE=utf8mb4_0900_ai_ci;

LOCK TABLES `stats` WRITE;
/*!40000 ALTER TABLE `stats` DISABLE KEYS */;

INSERT INTO `stats` (`valor`, `tipo`) VALUES
	(500, "CANTIDAD_ALUMNOS"),
	(0, "CANTIDAD_ALUMNOS_PRESENTES"),
	(0, "CANTIDAD_PERSONAL"),
	(0, "CANTIDAD_PERSONAL_PRESENTES"),
	(190, "DIAS_HABILES");

/*!40000 ALTER TABLE `stats` ENABLE KEYS */;
UNLOCK TABLES;



# Dump of table users
# ------------------------------------------------------------

DROP TABLE IF EXISTS `users`;

CREATE TABLE `users` (
  `id` int NOT NULL AUTO_INCREMENT,
  `dni` varchar(255) CHARACTER SET utf8mb4 COLLATE utf8mb4_0900_ai_ci DEFAULT NULL,
  `email` varchar(255) CHARACTER SET utf8mb4 COLLATE utf8mb4_0900_ai_ci DEFAULT NULL,
  `nombre_completo` varchar(255) CHARACTER SET utf8mb4 COLLATE utf8mb4_0900_ai_ci DEFAULT NULL,
  `phone` varchar(255) CHARACTER SET utf8mb4 COLLATE utf8mb4_0900_ai_ci DEFAULT NULL,
  `pwd` varchar(255) CHARACTER SET utf8mb4 COLLATE utf8mb4_0900_ai_ci DEFAULT NULL,
  `role` enum('USUARIO','PROFESOR','PRECEPTOR','SECRETARIO','DIRECTIVO','DEVELOPER','SENSOR') CHARACTER SET utf8mb4 COLLATE utf8mb4_0900_ai_ci DEFAULT NULL,
  PRIMARY KEY (`id`)
) ENGINE=InnoDB AUTO_INCREMENT=10 DEFAULT CHARSET=utf8mb4 COLLATE=utf8mb4_0900_ai_ci;

LOCK TABLES `users` WRITE;
/*!40000 ALTER TABLE `users` DISABLE KEYS */;

INSERT INTO `users` (`id`, `dni`, `email`, `nombre_completo`, `phone`, `pwd`, `role`) VALUES
	(1, NULL, "ejemplo@gmail.com", "Administrador", NULL, "$2a$12$Noe00en.fHszPG6I7Tor7uRMDP203a.nhuODfQiPSMdWyaXfmmkqe", "DEVELOPER"),
	(8, "48067866", "joagomez.dev@gmail.com", "Joaqun Gmez", "3424680690", "$2a$10$JrZKzRq7HH6uOCRMExL9deQwF60F7wct4HaQiZfxO/UYCAAJh6ude", "USUARIO"),
	(9, NULL, "sensor", NULL, NULL, "$2a$12$Noe00en.fHszPG6I7Tor7uRMDP203a.nhuODfQiPSMdWyaXfmmkqe", "SENSOR");

/*!40000 ALTER TABLE `users` ENABLE KEYS */;
UNLOCK TABLES;



# Dump of views
# ------------------------------------------------------------

# Creating temporary tables to overcome VIEW dependency errors


/*!40111 SET SQL_NOTES=@OLD_SQL_NOTES */;
/*!40101 SET SQL_MODE=@OLD_SQL_MODE */;
/*!40014 SET FOREIGN_KEY_CHECKS=@OLD_FOREIGN_KEY_CHECKS */;
/*!40101 SET CHARACTER_SET_CLIENT=@OLD_CHARACTER_SET_CLIENT */;
/*!40101 SET CHARACTER_SET_RESULTS=@OLD_CHARACTER_SET_RESULTS */;
/*!40101 SET COLLATION_CONNECTION=@OLD_COLLATION_CONNECTION */;

# Dump completed on 2024-08-07T14:25:37-03:00
